date,region,category,units_sold,unit_price,revenue,marketing_spend,stockout_flag
2026-07-01,North,Electronics,18,3296.06,59329.04,556.43,False
2026-07-01,North,Apparel,15,931.66,13974.87,346.67,False
2026-07-01,North,Home & Kitchen,14,1528.05,21392.71,248.44,False
2026-07-01,North,Beauty,17,672.84,11438.28,297.0,False
2026-07-01,North,Sports,13,1153.79,14999.29,290.73,False
2026-07-01,South,Electronics,17,3268.14,55558.3,521.93,False
2026-07-01,South,Apparel,14,977.1,13679.39,275.62,False
2026-07-01,South,Home & Kitchen,9,1536.96,13832.63,367.74,False
2026-07-01,South,Beauty,10,628.56,6285.63,339.04,False
2026-07-01,South,Sports,11,1112.72,12239.93,337.88,False
2026-07-01,East,Electronics,16,3139.79,50236.68,461.67,False
2026-07-01,East,Apparel,14,868.83,12163.62,358.1,False
2026-07-01,East,Home & Kitchen,13,1509.77,19626.95,335.17,False
2026-07-01,East,Beauty,17,640.93,10895.86,272.26,False
2026-07-01,East,Sports,7,1043.87,7307.09,232.0,False
2026-07-01,West,Electronics,7,3218.23,22527.61,541.43,False
2026-07-01,West,Apparel,23,922.52,21217.99,281.44,False
2026-07-01,West,Home & Kitchen,17,1478.22,25129.69,277.1,False
2026-07-01,West,Beauty,20,637.8,12755.91,300.75,False
2026-07-01,West,Sports,7,1129.28,7904.94,294.09,False
2026-07-02,North,Electronics,12,2984.02,35808.25,413.17,False
2026-07-02,North,Apparel,15,914.39,13715.88,245.67,False
2026-07-02,North,Home & Kitchen,12,1443.0,17315.98,279.66,False
2026-07-02,North,Beauty,16,661.3,10580.72,314.26,False
2026-07-02,North,Sports,13,1110.24,14433.09,301.31,False
2026-07-02,South,Electronics,14,3068.99,42965.89,510.76,False
2026-07-02,South,Apparel,17,952.68,16195.54,228.67,False
2026-07-02,South,Home & Kitchen,8,1476.61,11812.89,217.4,False
2026-07-02,South,Beauty,16,611.76,9788.14,239.07,False
2026-07-02,South,Sports,11,1146.9,12615.93,309.42,False
2026-07-02,East,Electronics,9,2985.64,26870.77,470.82,False
2026-07-02,East,Apparel,17,963.65,16381.97,307.82,False
2026-07-02,East,Home & Kitchen,9,1456.49,13108.38,427.71,False
2026-07-02,East,Beauty,20,626.52,12530.48,355.89,False
2026-07-02,East,Sports,8,1098.21,8785.65,260.71,False
2026-07-02,West,Electronics,11,3043.12,33474.35,423.32,False
2026-07-02,West,Apparel,29,905.76,26267.03,292.88,False
2026-07-02,West,Home & Kitchen,13,1513.16,19671.12,275.34,False
2026-07-02,West,Beauty,16,689.93,11038.87,310.99,False
2026-07-02,West,Sports,17,1172.64,19934.89,403.42,False
2026-07-03,North,Electronics,10,3387.06,33870.65,433.58,False
2026-07-03,North,Apparel,18,885.79,15944.3,299.69,False
2026-07-03,North,Home & Kitchen,8,1584.45,12675.59,305.44,False
2026-07-03,North,Beauty,19,648.73,12325.93,249.41,False
2026-07-03,North,Sports,11,1085.3,11938.28,354.95,False
2026-07-03,South,Electronics,16,3138.03,50208.42,480.34,False
2026-07-03,South,Apparel,19,948.15,18014.78,290.73,False
2026-07-03,South,Home & Kitchen,17,1514.55,25747.35,310.59,False
2026-07-03,South,Beauty,9,655.93,5903.41,451.05,False
2026-07-03,South,Sports,9,1092.84,9835.58,236.26,False
2026-07-03,East,Electronics,19,3132.23,59512.4,447.39,False
2026-07-03,East,Apparel,22,847.19,18638.1,427.75,False
2026-07-03,East,Home & Kitchen,9,1610.21,14491.93,474.3,False
2026-07-03,East,Beauty,14,670.21,9382.95,326.09,False
2026-07-03,East,Sports,8,1039.5,8316.04,285.71,False
2026-07-03,West,Electronics,7,3128.92,21902.43,528.29,False
2026-07-03,West,Apparel,25,912.66,22816.58,303.19,False
2026-07-03,West,Home & Kitchen,4,1668.85,6675.38,425.59,False
2026-07-03,West,Beauty,18,630.16,11342.89,233.26,False
2026-07-03,West,Sports,15,1121.13,16816.89,195.32,False
2026-07-04,North,Electronics,21,3162.6,66414.64,493.79,False
2026-07-04,North,Apparel,25,952.97,23824.34,146.0,False
2026-07-04,North,Home & Kitchen,13,1517.76,19730.88,277.69,False
2026-07-04,North,Beauty,19,694.91,13203.31,207.97,False
2026-07-04,North,Sports,11,1097.3,12070.32,236.83,False
2026-07-04,South,Electronics,22,3350.71,73715.59,526.35,False
2026-07-04,South,Apparel,27,929.81,25104.8,282.21,False
2026-07-04,South,Home & Kitchen,15,1559.38,23390.63,229.3,False
2026-07-04,South,Beauty,12,669.52,8034.27,409.24,False
2026-07-04,South,Sports,14,1128.05,15792.72,258.06,False
2026-07-04,East,Electronics,25,3044.28,76107.01,459.73,False
2026-07-04,East,Apparel,25,941.59,23539.78,336.53,False
2026-07-04,East,Home & Kitchen,13,1504.32,19556.19,324.83,False
2026-07-04,East,Beauty,18,634.63,11423.36,335.45,False
2026-07-04,East,Sports,7,1116.21,7813.45,350.8,False
2026-07-04,West,Electronics,21,3336.76,70072.05,513.97,False
2026-07-04,West,Apparel,29,868.92,25198.67,291.15,False
2026-07-04,West,Home & Kitchen,11,1559.99,17159.88,236.49,False
2026-07-04,West,Beauty,19,630.67,11982.67,250.66,False
2026-07-04,West,Sports,16,1100.5,17608.04,379.74,False
2026-07-05,North,Electronics,19,3405.34,64701.55,472.54,False
2026-07-05,North,Apparel,29,842.35,24428.27,252.35,False
2026-07-05,North,Home & Kitchen,18,1361.39,24505.09,303.26,False
2026-07-05,North,Beauty,16,668.25,10692.01,308.29,False
2026-07-05,North,Sports,8,1136.1,9088.83,276.38,False
2026-07-05,South,Electronics,17,3184.95,54144.23,549.77,False
2026-07-05,South,Apparel,23,846.64,19472.75,159.98,False
2026-07-05,South,Home & Kitchen,15,1495.85,22437.78,381.22,False
2026-07-05,South,Beauty,19,634.55,12056.37,211.17,False
2026-07-05,South,Sports,7,1135.36,7947.5,403.25,False
2026-07-05,East,Electronics,17,3066.81,52135.78,528.48,False
2026-07-05,East,Apparel,30,933.42,28002.56,263.7,False
2026-07-05,East,Home & Kitchen,13,1488.65,19352.39,319.72,False
2026-07-05,East,Beauty,16,677.75,10843.96,280.11,False
2026-07-05,East,Sports,18,1094.23,19696.14,320.93,False
2026-07-05,West,Electronics,17,3208.88,54550.97,509.61,False
2026-07-05,West,Apparel,22,911.99,20063.79,298.45,False
2026-07-05,West,Home & Kitchen,14,1404.63,19664.76,175.62,False
2026-07-05,West,Beauty,18,642.38,11562.79,416.23,False
2026-07-05,West,Sports,9,1115.3,10037.69,275.58,False
2026-07-06,North,Electronics,16,3279.25,52468.06,479.64,False
2026-07-06,North,Apparel,22,900.23,19805.02,455.86,False
2026-07-06,North,Home & Kitchen,13,1505.49,19571.39,334.85,False
2026-07-06,North,Beauty,17,629.73,10705.47,325.82,False
2026-07-06,North,Sports,14,1126.95,15777.29,339.94,False
2026-07-06,South,Electronics,18,3163.36,56940.48,527.24,False
2026-07-06,South,Apparel,14,834.07,11676.97,279.86,False
2026-07-06,South,Home & Kitchen,10,1456.83,14568.31,209.85,False
2026-07-06,South,Beauty,14,712.93,9981.03,326.09,False
2026-07-06,South,Sports,7,1129.41,7905.84,258.7,False
2026-07-06,East,Electronics,15,3370.98,50564.71,488.52,False
2026-07-06,East,Apparel,19,952.38,18095.25,307.89,False
2026-07-06,East,Home & Kitchen,11,1478.29,16261.23,243.53,False
2026-07-06,East,Beauty,22,609.29,13404.39,338.25,False
2026-07-06,East,Sports,10,994.65,9946.53,252.81,False
2026-07-06,West,Electronics,12,3231.7,38780.41,489.25,False
2026-07-06,West,Apparel,24,907.32,21775.73,239.49,False
2026-07-06,West,Home & Kitchen,14,1523.1,21323.43,333.39,False
2026-07-06,West,Beauty,18,630.41,11347.35,238.06,False
2026-07-06,West,Sports,9,1077.39,9696.55,246.67,False
2026-07-07,North,Electronics,13,3206.55,41685.1,454.07,False
2026-07-07,North,Apparel,19,894.25,16990.8,260.83,False
2026-07-07,North,Home & Kitchen,12,1413.11,16957.35,295.92,False
2026-07-07,North,Beauty,14,654.94,9169.1,212.71,False
2026-07-07,North,Sports,12,1088.89,13066.67,321.81,False
2026-07-07,South,Electronics,8,3049.39,24395.15,449.75,False
2026-07-07,South,Apparel,22,884.74,19464.26,200.89,False
2026-07-07,South,Home & Kitchen,10,1576.47,15764.67,262.34,False
2026-07-07,South,Beauty,19,606.17,11517.31,332.28,False
2026-07-07,South,Sports,11,1111.83,12230.15,262.82,False
2026-07-07,East,Electronics,11,3406.2,37468.2,652.96,False
2026-07-07,East,Apparel,17,888.82,15109.98,282.83,False
2026-07-07,East,Home & Kitchen,17,1534.77,26091.15,331.47,False
2026-07-07,East,Beauty,15,666.0,9989.95,196.16,False
2026-07-07,East,Sports,9,1181.3,10631.74,289.55,False
2026-07-07,West,Electronics,14,3275.17,45852.37,519.16,False
2026-07-07,West,Apparel,21,943.65,19816.66,280.57,False
2026-07-07,West,Home & Kitchen,14,1495.1,20931.47,197.66,False
2026-07-07,West,Beauty,18,670.41,12067.31,316.34,False
2026-07-07,West,Sports,9,1136.78,10230.98,320.96,False
2026-07-08,North,Electronics,20,3253.78,65075.68,523.26,False
2026-07-08,North,Apparel,25,922.5,23062.58,375.1,False
2026-07-08,North,Home & Kitchen,14,1469.95,20579.29,273.88,False
2026-07-08,North,Beauty,12,688.96,8267.49,272.47,False
2026-07-08,North,Sports,18,1089.19,19605.36,357.12,False
2026-07-08,South,Electronics,22,3099.85,68196.72,360.78,False
2026-07-08,South,Apparel,11,892.76,9820.36,366.78,False
2026-07-08,South,Home & Kitchen,4,1496.58,5986.33,362.95,False
2026-07-08,South,Beauty,18,664.52,11961.4,286.71,False
2026-07-08,South,Sports,3,1099.47,3298.4,287.36,False
2026-07-08,East,Electronics,14,3287.78,46028.86,478.94,False
2026-07-08,East,Apparel,25,940.61,23515.22,163.16,False
2026-07-08,East,Home & Kitchen,12,1587.67,19052.05,316.96,False
2026-07-08,East,Beauty,23,620.89,14280.52,326.87,False
2026-07-08,East,Sports,6,1091.74,6550.45,316.69,False
2026-07-08,West,Electronics,17,3352.03,56984.49,438.76,False
2026-07-08,West,Apparel,28,933.51,26138.28,407.86,False
2026-07-08,West,Home & Kitchen,9,1446.41,13017.71,300.69,False
2026-07-08,West,Beauty,25,703.27,17581.69,407.11,False
2026-07-08,West,Sports,10,1137.62,11376.21,338.38,False
2026-07-09,North,Electronics,16,3281.33,52501.24,544.4,False
2026-07-09,North,Apparel,13,835.79,10865.27,305.02,False
2026-07-09,North,Home & Kitchen,15,1581.55,23723.3,315.31,False
2026-07-09,North,Beauty,18,655.27,11794.91,234.39,False
2026-07-09,North,Sports,7,1042.68,7298.78,296.93,False
2026-07-09,South,Electronics,14,3231.84,45245.83,502.65,False
2026-07-09,South,Apparel,19,894.56,16996.68,255.23,False
2026-07-09,South,Home & Kitchen,12,1523.48,18281.71,192.8,False
2026-07-09,South,Beauty,12,651.01,7812.14,249.3,False
2026-07-09,South,Sports,11,1077.83,11856.08,262.32,False
2026-07-09,East,Electronics,19,3231.25,61393.66,516.39,False
2026-07-09,East,Apparel,31,951.76,29504.56,230.28,False
2026-07-09,East,Home & Kitchen,12,1501.75,18020.96,301.86,False
2026-07-09,East,Beauty,16,580.51,9288.1,323.76,False
2026-07-09,East,Sports,11,1083.29,11916.17,254.83,False
2026-07-09,West,Electronics,19,3382.72,64271.64,610.24,False
2026-07-09,West,Apparel,20,896.64,17932.82,307.86,False
2026-07-09,West,Home & Kitchen,11,1551.08,17061.85,257.56,False
2026-07-09,West,Beauty,17,650.81,11063.74,316.71,False
2026-07-09,West,Sports,7,1118.7,7830.89,183.78,False
2026-07-10,North,Electronics,24,3015.39,72369.26,496.5,False
2026-07-10,North,Apparel,27,929.92,25107.76,219.47,False
2026-07-10,North,Home & Kitchen,13,1497.2,19463.66,316.73,False
2026-07-10,North,Beauty,19,599.08,11382.46,299.26,False
2026-07-10,North,Sports,8,1098.77,8790.15,313.53,False
2026-07-10,South,Electronics,22,3236.98,71213.59,574.7,False
2026-07-10,South,Apparel,20,838.66,16773.13,250.02,False
2026-07-10,South,Home & Kitchen,12,1502.31,18027.78,281.3,False
2026-07-10,South,Beauty,20,627.58,12551.59,328.73,False
2026-07-10,South,Sports,9,1052.65,9473.81,254.89,False
2026-07-10,East,Electronics,13,3120.36,40564.71,559.24,False
2026-07-10,East,Apparel,18,949.08,17083.5,187.15,False
2026-07-10,East,Home & Kitchen,12,1489.82,17877.8,324.83,False
2026-07-10,East,Beauty,15,650.16,9752.35,326.9,False
2026-07-10,East,Sports,6,1049.36,6296.17,294.73,False
2026-07-10,West,Electronics,22,3262.82,71782.0,572.02,False
2026-07-10,West,Apparel,21,912.09,19153.9,124.16,False
2026-07-10,West,Home & Kitchen,13,1528.65,19872.47,230.25,False
2026-07-10,West,Beauty,8,637.42,5099.32,434.58,False
2026-07-10,West,Sports,10,1098.43,10984.33,218.12,False
2026-07-11,North,Electronics,14,3318.32,46456.45,502.08,False
2026-07-11,North,Apparel,18,908.03,16344.58,337.01,False
2026-07-11,North,Home & Kitchen,12,1566.28,18795.37,275.26,False
2026-07-11,North,Beauty,21,662.05,13903.0,208.16,False
2026-07-11,North,Sports,8,1116.47,8931.78,337.92,False
2026-07-11,South,Electronics,15,3161.26,47418.97,471.03,False
2026-07-11,South,Apparel,20,896.05,17920.99,321.16,False
2026-07-11,South,Home & Kitchen,16,1507.85,24125.53,349.43,False
2026-07-11,South,Beauty,19,639.22,12145.25,338.03,False
2026-07-11,South,Sports,6,1129.48,6776.9,277.51,False
2026-07-11,East,Electronics,18,3041.94,54754.99,586.54,False
2026-07-11,East,Apparel,19,901.88,17135.69,283.57,False
2026-07-11,East,Home & Kitchen,9,1520.39,13683.53,318.96,False
2026-07-11,East,Beauty,14,595.19,8332.7,278.13,False
2026-07-11,East,Sports,13,1099.8,14297.35,362.73,False
2026-07-11,West,Electronics,20,3132.43,62648.53,499.92,False
2026-07-11,West,Apparel,27,929.0,25083.12,340.64,False
2026-07-11,West,Home & Kitchen,13,1541.91,20044.88,306.12,False
2026-07-11,West,Beauty,18,636.02,11448.37,332.56,False
2026-07-11,West,Sports,15,1104.82,16572.37,446.71,False
2026-07-12,North,Electronics,16,3219.18,51506.88,524.67,False
2026-07-12,North,Apparel,20,894.47,17889.35,387.24,False
2026-07-12,North,Home & Kitchen,10,1435.68,14356.82,327.3,False
2026-07-12,North,Beauty,24,644.88,15477.14,233.12,False
2026-07-12,North,Sports,8,1158.04,9264.29,468.55,False
2026-07-12,South,Electronics,8,3255.37,26042.98,503.71,False
2026-07-12,South,Apparel,28,849.67,23790.71,207.38,False
2026-07-12,South,Home & Kitchen,9,1464.23,13178.11,300.51,False
2026-07-12,South,Beauty,20,632.94,12658.85,373.58,False
2026-07-12,South,Sports,6,1142.84,6857.05,374.52,False
2026-07-12,East,Electronics,16,3276.59,52425.41,531.18,False
2026-07-12,East,Apparel,21,851.19,17875.0,252.32,False
2026-07-12,East,Home & Kitchen,13,1589.24,20660.17,283.7,False
2026-07-12,East,Beauty,18,652.65,11747.75,304.74,False
2026-07-12,East,Sports,6,1115.49,6692.94,240.68,False
2026-07-12,West,Electronics,9,3104.02,27936.22,485.85,False
2026-07-12,West,Apparel,31,891.22,27627.81,174.15,False
2026-07-12,West,Home & Kitchen,19,1458.85,27718.13,382.9,False
2026-07-12,West,Beauty,19,651.6,12380.48,302.23,False
2026-07-12,West,Sports,13,1175.63,15283.15,160.82,False
2026-07-13,North,Electronics,11,3201.86,35220.46,541.41,False
2026-07-13,North,Apparel,13,936.69,12176.91,361.81,False
2026-07-13,North,Home & Kitchen,8,1541.87,12334.95,306.64,False
2026-07-13,North,Beauty,22,619.14,13621.0,278.2,False
2026-07-13,North,Sports,8,1056.65,8453.22,248.35,False
2026-07-13,South,Electronics,17,3147.3,53504.03,478.19,False
2026-07-13,South,Apparel,20,895.79,17915.85,240.13,False
2026-07-13,South,Home & Kitchen,12,1521.97,18263.67,325.05,False
2026-07-13,South,Beauty,13,629.19,8179.53,337.97,False
2026-07-13,South,Sports,4,1093.8,4375.19,391.91,False
2026-07-13,East,Electronics,6,3450.94,20705.65,426.32,False
2026-07-13,East,Apparel,22,861.9,18961.84,220.65,False
2026-07-13,East,Home & Kitchen,11,1493.86,16432.42,260.97,False
2026-07-13,East,Beauty,14,627.13,8779.86,436.9,False
2026-07-13,East,Sports,8,1078.48,8627.84,288.84,False
2026-07-13,West,Electronics,23,3023.61,69543.14,391.36,False
2026-07-13,West,Apparel,24,947.7,22744.76,297.33,False
2026-07-13,West,Home & Kitchen,17,1546.95,26298.21,245.95,False
2026-07-13,West,Beauty,16,635.01,10160.11,333.57,False
2026-07-13,West,Sports,14,1050.6,14708.37,228.95,False
2026-07-14,North,Electronics,13,3098.56,40281.24,501.6,False
2026-07-14,North,Apparel,18,955.87,17205.62,376.62,False
2026-07-14,North,Home & Kitchen,13,1468.14,19085.84,362.69,False
2026-07-14,North,Beauty,24,609.46,14626.94,358.04,False
2026-07-14,North,Sports,11,1113.29,12246.15,256.48,False
2026-07-14,South,Electronics,11,3195.07,35145.74,604.38,False
2026-07-14,South,Apparel,14,903.51,12649.1,347.75,False
2026-07-14,South,Home & Kitchen,12,1493.07,17916.84,249.84,False
2026-07-14,South,Beauty,22,665.43,14639.51,392.22,False
2026-07-14,South,Sports,5,1171.28,5856.42,321.82,False
2026-07-14,East,Electronics,19,3301.87,62735.48,503.63,False
2026-07-14,East,Apparel,24,899.16,21579.93,420.21,False
2026-07-14,East,Home & Kitchen,13,1473.66,19157.54,276.33,False
2026-07-14,East,Beauty,16,671.98,10751.72,205.46,False
2026-07-14,East,Sports,14,1057.52,14805.34,303.21,False
2026-07-14,West,Electronics,14,3278.63,45900.77,545.23,False
2026-07-14,West,Apparel,23,799.99,18399.82,279.15,False
2026-07-14,West,Home & Kitchen,17,1533.93,26076.77,410.17,False
2026-07-14,West,Beauty,17,630.23,10713.86,266.35,False
2026-07-14,West,Sports,10,1110.07,11100.66,358.05,False
2026-07-15,North,Electronics,15,3184.15,47762.29,544.52,False
2026-07-15,North,Apparel,19,931.56,17699.56,316.21,False
2026-07-15,North,Home & Kitchen,17,1452.13,24686.16,325.67,False
2026-07-15,North,Beauty,21,668.77,14044.14,414.78,False
2026-07-15,North,Sports,7,1077.69,7543.81,275.38,False
2026-07-15,South,Electronics,12,3317.29,39807.45,396.01,False
2026-07-15,South,Apparel,16,913.57,14617.12,232.38,False
2026-07-15,South,Home & Kitchen,18,1521.87,27393.7,333.36,False
2026-07-15,South,Beauty,15,645.72,9685.79,194.87,False
2026-07-15,South,Sports,7,1120.34,7842.36,187.73,False
2026-07-15,East,Electronics,6,3137.07,18822.41,465.16,False
2026-07-15,East,Apparel,21,923.46,19392.72,299.47,False
2026-07-15,East,Home & Kitchen,9,1633.78,14704.06,205.92,False
2026-07-15,East,Beauty,25,627.84,15696.1,433.76,False
2026-07-15,East,Sports,9,1090.79,9817.07,323.43,False
2026-07-15,West,Electronics,13,3083.34,40083.36,549.47,False
2026-07-15,West,Apparel,18,926.84,16683.08,283.74,False
2026-07-15,West,Home & Kitchen,9,1401.87,12616.85,314.22,False
2026-07-15,West,Beauty,18,573.15,10316.77,225.16,False
2026-07-15,West,Sports,11,1115.87,12274.53,216.56,False
2026-07-16,North,Electronics,11,3237.13,35608.38,639.55,False
2026-07-16,North,Apparel,21,878.64,18451.53,280.47,False
2026-07-16,North,Home & Kitchen,16,1476.29,23620.57,388.03,False
2026-07-16,North,Beauty,18,652.36,11742.47,407.12,False
2026-07-16,North,Sports,12,1068.12,12817.41,248.77,False
2026-07-16,South,Electronics,12,3205.15,38461.83,422.82,False
2026-07-16,South,Apparel,18,836.37,15054.58,306.57,False
2026-07-16,South,Home & Kitchen,8,1364.38,10915.0,288.55,False
2026-07-16,South,Beauty,12,612.11,7345.37,276.56,False
2026-07-16,South,Sports,9,1107.86,9970.78,263.02,False
2026-07-16,East,Electronics,9,3062.82,27565.4,478.78,False
2026-07-16,East,Apparel,20,858.6,17171.94,342.72,False
2026-07-16,East,Home & Kitchen,11,1462.52,16087.76,379.51,False
2026-07-16,East,Beauty,12,662.97,7955.6,173.57,False
2026-07-16,East,Sports,13,1105.82,14375.7,304.07,False
2026-07-16,West,Electronics,15,2944.32,44164.86,399.06,False
2026-07-16,West,Apparel,22,830.36,18267.85,223.92,False
2026-07-16,West,Home & Kitchen,14,1488.7,20841.76,274.53,False
2026-07-16,West,Beauty,17,645.57,10974.69,171.92,False
2026-07-16,West,Sports,11,1113.61,12249.75,358.89,False
2026-07-17,North,Electronics,19,3077.19,58466.67,544.95,False
2026-07-17,North,Apparel,18,896.22,16131.99,381.83,False
2026-07-17,North,Home & Kitchen,20,1451.81,29036.11,333.07,False
2026-07-17,North,Beauty,12,631.17,7574.01,265.1,False
2026-07-17,North,Sports,9,1072.35,9651.17,256.28,False
2026-07-17,South,Electronics,9,3053.21,27478.85,443.59,False
2026-07-17,South,Apparel,16,842.86,13485.83,301.51,False
2026-07-17,South,Home & Kitchen,14,1499.22,20989.13,212.78,False
2026-07-17,South,Beauty,11,676.75,7444.23,167.15,False
2026-07-17,South,Sports,7,1141.48,7990.37,240.9,False
2026-07-17,East,Electronics,13,3019.52,39253.81,489.57,False
2026-07-17,East,Apparel,19,908.59,17263.2,394.67,False
2026-07-17,East,Home & Kitchen,14,1567.96,21951.46,375.87,False
2026-07-17,East,Beauty,12,685.31,8223.73,330.48,False
2026-07-17,East,Sports,13,1088.9,14155.64,297.45,False
2026-07-17,West,Electronics,14,2972.55,41615.64,519.44,False
2026-07-17,West,Apparel,9,901.68,8115.08,345.71,False
2026-07-17,West,Home & Kitchen,10,1564.67,15646.71,226.81,False
2026-07-17,West,Beauty,19,649.56,12341.58,316.98,False
2026-07-17,West,Sports,17,1142.85,19428.42,300.5,False
2026-07-18,North,Electronics,17,3264.39,55494.63,355.15,False
2026-07-18,North,Apparel,17,901.92,15332.72,292.85,False
2026-07-18,North,Home & Kitchen,15,1458.35,21875.28,269.6,False
2026-07-18,North,Beauty,16,639.97,10239.58,285.81,False
2026-07-18,North,Sports,10,1179.12,11791.25,371.48,False
2026-07-18,South,Electronics,9,3200.26,28802.3,516.92,False
2026-07-18,South,Apparel,26,842.47,21904.22,308.11,False
2026-07-18,South,Home & Kitchen,11,1403.1,15434.07,359.31,False
2026-07-18,South,Beauty,19,642.7,12211.38,209.96,False
2026-07-18,South,Sports,13,1154.05,15002.66,261.63,False
2026-07-18,East,Electronics,14,3231.74,45244.32,491.52,False
2026-07-18,East,Apparel,33,843.39,27831.84,217.08,False
2026-07-18,East,Home & Kitchen,10,1472.05,14720.54,442.48,False
2026-07-18,East,Beauty,15,620.67,9310.1,270.4,False
2026-07-18,East,Sports,13,1110.42,14435.46,414.17,False
2026-07-18,West,Electronics,17,3331.19,56630.23,490.16,False
2026-07-18,West,Apparel,30,923.08,27692.27,293.21,False
2026-07-18,West,Home & Kitchen,22,1536.38,33800.3,219.7,False
2026-07-18,West,Beauty,13,632.77,8226.01,415.38,False
2026-07-18,West,Sports,6,1058.62,6351.7,268.24,False
2026-07-19,North,Electronics,20,3188.37,63767.37,498.15,False
2026-07-19,North,Apparel,24,881.41,21153.73,354.88,False
2026-07-19,North,Home & Kitchen,14,1450.81,20311.41,306.68,False
2026-07-19,North,Beauty,14,663.17,9284.4,221.29,False
2026-07-19,North,Sports,10,1065.92,10659.22,262.86,False
2026-07-19,South,Electronics,13,3340.7,43429.05,537.73,False
2026-07-19,South,Apparel,24,862.89,20709.46,304.23,False
2026-07-19,South,Home & Kitchen,15,1462.2,21932.93,236.57,False
2026-07-19,South,Beauty,17,618.37,10512.21,350.53,False
2026-07-19,South,Sports,10,1080.14,10801.39,304.32,False
2026-07-19,East,Electronics,16,3343.3,53492.74,517.81,False
2026-07-19,East,Apparel,23,859.63,19771.46,387.74,False
2026-07-19,East,Home & Kitchen,7,1353.82,9476.72,241.0,False
2026-07-19,East,Beauty,18,678.84,12219.09,204.48,False
2026-07-19,East,Sports,8,1027.03,8216.27,299.53,False
2026-07-19,West,Electronics,17,2962.92,50369.7,480.46,False
2026-07-19,West,Apparel,26,879.72,22872.59,273.42,False
2026-07-19,West,Home & Kitchen,17,1481.73,25189.48,275.42,False
2026-07-19,West,Beauty,24,662.4,15897.67,299.97,False
2026-07-19,West,Sports,10,1107.49,11074.88,272.27,False
2026-07-20,North,Electronics,15,2930.22,43953.24,546.15,False
2026-07-20,North,Apparel,16,868.33,13893.33,340.43,False
2026-07-20,North,Home & Kitchen,16,1432.96,22927.37,324.88,False
2026-07-20,North,Beauty,17,655.71,11147.06,284.48,False
2026-07-20,North,Sports,13,1074.16,13964.05,300.66,False
2026-07-20,South,Electronics,13,3204.18,41654.4,432.9,False
2026-07-20,South,Apparel,14,889.22,12449.13,340.33,False
2026-07-20,South,Home & Kitchen,7,1539.34,10775.36,234.92,False
2026-07-20,South,Beauty,21,644.57,13535.87,340.71,False
2026-07-20,South,Sports,11,1131.89,12450.83,385.33,False
2026-07-20,East,Electronics,16,2942.99,47087.84,516.0,False
2026-07-20,East,Apparel,21,843.8,17719.73,332.57,False
2026-07-20,East,Home & Kitchen,7,1431.78,10022.49,170.64,False
2026-07-20,East,Beauty,6,609.67,3658.04,327.18,False
2026-07-20,East,Sports,16,1126.53,18024.47,292.2,False
2026-07-20,West,Electronics,17,3121.15,53059.48,561.52,False
2026-07-20,West,Apparel,16,860.63,13770.01,361.61,False
2026-07-20,West,Home & Kitchen,18,1496.69,26940.49,228.46,False
2026-07-20,West,Beauty,16,605.3,9684.83,275.78,False
2026-07-20,West,Sports,8,1098.54,8788.28,230.28,False
2026-07-21,North,Electronics,11,3036.85,33405.34,505.69,False
2026-07-21,North,Apparel,15,872.92,13093.83,245.45,False
2026-07-21,North,Home & Kitchen,6,1503.38,9020.31,314.72,False
2026-07-21,North,Beauty,15,655.6,9833.97,238.53,False
2026-07-21,North,Sports,12,1107.23,13286.76,261.57,False
2026-07-21,South,Electronics,9,3106.0,27953.99,529.11,False
2026-07-21,South,Apparel,16,884.5,14152.06,347.79,False
2026-07-21,South,Home & Kitchen,12,1506.28,18075.38,401.8,False
2026-07-21,South,Beauty,14,600.78,8410.89,313.04,False
2026-07-21,South,Sports,8,1066.24,8529.94,251.62,False
2026-07-21,East,Electronics,22,3323.54,73117.92,505.27,False
2026-07-21,East,Apparel,17,896.7,15243.98,268.15,False
2026-07-21,East,Home & Kitchen,26,1460.05,37961.23,326.04,False
2026-07-21,East,Beauty,11,679.19,7471.09,294.35,False
2026-07-21,East,Sports,9,1127.53,10147.77,224.13,False
2026-07-21,West,Electronics,10,3403.55,34035.48,509.56,False
2026-07-21,West,Apparel,22,920.95,20260.83,328.6,False
2026-07-21,West,Home & Kitchen,10,1419.99,14199.92,211.69,False
2026-07-21,West,Beauty,15,655.34,9830.11,271.32,False
2026-07-21,West,Sports,22,1129.02,24838.38,276.19,False
2026-07-22,North,Electronics,13,3140.79,40830.31,559.79,False
2026-07-22,North,Apparel,23,933.22,21463.95,339.6,False
2026-07-22,North,Home & Kitchen,15,1417.25,21258.77,240.34,False
2026-07-22,North,Beauty,18,652.66,11747.86,232.62,False
2026-07-22,North,Sports,6,1116.12,6696.74,334.99,False
2026-07-22,South,Electronics,20,3122.85,62457.04,434.43,False
2026-07-22,South,Apparel,14,888.88,12444.25,289.63,False
2026-07-22,South,Home & Kitchen,13,1531.84,19913.94,288.24,False
2026-07-22,South,Beauty,5,598.58,2992.89,284.31,False
2026-07-22,South,Sports,6,1117.92,6707.52,323.22,False
2026-07-22,East,Electronics,10,3330.87,33308.68,546.62,False
2026-07-22,East,Apparel,20,877.34,17546.87,328.07,False
2026-07-22,East,Home & Kitchen,17,1505.68,25596.48,347.08,False
2026-07-22,East,Beauty,14,602.99,8441.84,392.61,False
2026-07-22,East,Sports,13,1068.59,13891.7,346.31,False
2026-07-22,West,Electronics,9,3249.98,29249.8,529.78,False
2026-07-22,West,Apparel,21,917.62,19269.97,284.45,False
2026-07-22,West,Home & Kitchen,18,1512.91,27232.31,346.35,False
2026-07-22,West,Beauty,15,628.96,9434.44,304.06,False
2026-07-22,West,Sports,11,1197.09,13167.96,268.57,False
2026-07-23,North,Electronics,14,3212.54,44975.62,640.27,False
2026-07-23,North,Apparel,26,908.96,23633.0,350.78,False
2026-07-23,North,Home & Kitchen,16,1494.3,23908.83,280.07,False
2026-07-23,North,Beauty,11,631.29,6944.23,258.34,False
2026-07-23,North,Sports,11,1083.97,11923.64,307.64,False
2026-07-23,South,Electronics,10,3091.62,30916.17,435.47,False
2026-07-23,South,Apparel,25,911.97,22799.28,251.43,False
2026-07-23,South,Home & Kitchen,14,1468.71,20561.91,243.36,False
2026-07-23,South,Beauty,20,665.73,13314.6,374.83,False
2026-07-23,South,Sports,10,1122.34,11223.4,336.18,False
2026-07-23,East,Electronics,16,3230.01,51680.11,388.25,False
2026-07-23,East,Apparel,26,883.14,22961.55,420.66,False
2026-07-23,East,Home & Kitchen,12,1444.14,17329.63,240.05,False
2026-07-23,East,Beauty,13,601.74,7822.57,289.18,False
2026-07-23,East,Sports,11,1064.21,11706.32,267.63,False
2026-07-23,West,Electronics,19,3277.41,62270.85,564.85,False
2026-07-23,West,Apparel,22,915.76,20146.62,336.65,False
2026-07-23,West,Home & Kitchen,12,1558.78,18705.3,377.5,False
2026-07-23,West,Beauty,11,650.36,7153.97,300.68,False
2026-07-23,West,Sports,11,1034.64,11380.99,305.56,False
2026-07-24,North,Electronics,16,3098.36,49573.8,434.02,False
2026-07-24,North,Apparel,17,909.98,15469.7,329.1,False
2026-07-24,North,Home & Kitchen,9,1594.97,14354.73,244.59,False
2026-07-24,North,Beauty,20,642.07,12841.41,373.76,False
2026-07-24,North,Sports,13,1141.47,14839.16,329.54,False
2026-07-24,South,Electronics,5,3349.21,16746.03,437.81,False
2026-07-24,South,Apparel,22,814.27,17914.04,362.03,False
2026-07-24,South,Home & Kitchen,9,1514.8,13633.21,365.08,False
2026-07-24,South,Beauty,8,644.93,5159.44,328.66,False
2026-07-24,South,Sports,6,1127.78,6766.66,354.5,False
2026-07-24,East,Electronics,10,3130.04,31300.43,380.95,False
2026-07-24,East,Apparel,21,939.78,19735.34,316.62,False
2026-07-24,East,Home & Kitchen,11,1541.85,16960.34,436.65,False
2026-07-24,East,Beauty,17,661.61,11247.42,368.49,False
2026-07-24,East,Sports,12,1151.26,13815.09,355.66,False
2026-07-24,West,Electronics,9,3137.25,28235.26,446.6,False
2026-07-24,West,Apparel,18,913.3,16439.34,270.41,False
2026-07-24,West,Home & Kitchen,13,1577.46,20507.0,315.69,False
2026-07-24,West,Beauty,22,685.59,15082.94,303.36,False
2026-07-24,West,Sports,13,1087.32,14135.1,324.3,False
2026-07-25,North,Electronics,15,3253.69,48805.37,575.47,False
2026-07-25,North,Apparel,21,814.2,17098.16,331.0,False
2026-07-25,North,Home & Kitchen,20,1510.17,30203.37,359.98,False
2026-07-25,North,Beauty,25,656.78,16419.49,297.98,False
2026-07-25,North,Sports,15,1165.1,17476.45,288.6,False
2026-07-25,South,Electronics,14,3303.9,46254.63,441.81,False
2026-07-25,South,Apparel,18,954.07,17173.31,344.97,False
2026-07-25,South,Home & Kitchen,14,1497.77,20968.71,311.85,False
2026-07-25,South,Beauty,22,653.9,14385.85,319.44,False
2026-07-25,South,Sports,10,1211.4,12114.04,388.81,False
2026-07-25,East,Electronics,13,3086.95,40130.36,547.33,False
2026-07-25,East,Apparel,16,895.87,14333.89,395.57,False
2026-07-25,East,Home & Kitchen,19,1530.27,29075.07,258.06,False
2026-07-25,East,Beauty,20,642.88,12857.67,347.42,False
2026-07-25,East,Sports,12,1130.1,13561.17,263.15,False
2026-07-25,West,Electronics,19,3343.76,63531.37,497.3,False
2026-07-25,West,Apparel,20,868.05,17361.03,230.41,False
2026-07-25,West,Home & Kitchen,16,1473.24,23571.77,358.81,False
2026-07-25,West,Beauty,22,627.49,13804.68,201.15,False
2026-07-25,West,Sports,10,995.62,9956.23,267.86,False
2026-07-26,North,Electronics,10,2982.04,29820.44,413.52,False
2026-07-26,North,Apparel,29,873.18,25322.24,262.07,False
2026-07-26,North,Home & Kitchen,14,1388.33,19436.6,283.16,False
2026-07-26,North,Beauty,17,652.62,11094.61,368.03,False
2026-07-26,North,Sports,11,1099.26,12091.85,409.32,False
2026-07-26,South,Electronics,9,3069.66,27626.9,506.15,False
2026-07-26,South,Apparel,15,864.61,12969.12,316.58,False
2026-07-26,South,Home & Kitchen,18,1441.7,25950.65,344.38,False
2026-07-26,South,Beauty,22,640.22,14084.87,272.52,False
2026-07-26,South,Sports,18,1076.46,19376.21,275.81,False
2026-07-26,East,Electronics,16,3327.48,53239.68,463.72,False
2026-07-26,East,Apparel,16,854.66,13674.58,221.21,False
2026-07-26,East,Home & Kitchen,9,1457.83,13120.51,253.55,False
2026-07-26,East,Beauty,13,667.21,8673.74,300.97,False
2026-07-26,East,Sports,17,1114.42,18945.15,335.05,False
2026-07-26,West,Electronics,22,2939.95,64678.96,512.7,False
2026-07-26,West,Apparel,28,965.39,27031.06,247.13,False
2026-07-26,West,Home & Kitchen,19,1493.98,28385.66,293.14,False
2026-07-26,West,Beauty,20,685.82,13716.42,299.86,False
2026-07-26,West,Sports,23,1133.7,26075.15,254.28,False
2026-07-27,North,Electronics,15,3184.37,47765.6,368.45,False
2026-07-27,North,Apparel,18,919.91,16558.39,314.93,False
2026-07-27,North,Home & Kitchen,12,1573.06,18876.76,355.17,False
2026-07-27,North,Beauty,20,673.54,13470.73,281.57,False
2026-07-27,North,Sports,3,1109.51,3328.54,348.29,False
2026-07-27,South,Electronics,14,3172.45,44414.28,606.94,False
2026-07-27,South,Apparel,11,897.48,9872.27,277.71,False
2026-07-27,South,Home & Kitchen,10,1568.9,15688.95,332.53,False
2026-07-27,South,Beauty,17,627.38,10665.48,248.08,False
2026-07-27,South,Sports,9,1188.91,10700.17,195.9,False
2026-07-27,East,Electronics,16,3186.15,50978.34,473.98,False
2026-07-27,East,Apparel,20,886.32,17726.37,174.05,False
2026-07-27,East,Home & Kitchen,13,1526.37,19842.82,191.42,False
2026-07-27,East,Beauty,13,666.64,8666.3,388.4,False
2026-07-27,East,Sports,10,1057.59,10575.94,375.98,False
2026-07-27,West,Electronics,20,3323.9,66478.08,494.78,False
2026-07-27,West,Apparel,23,935.8,21523.32,304.96,False
2026-07-27,West,Home & Kitchen,13,1517.21,19723.78,185.17,False
2026-07-27,West,Beauty,11,686.69,7553.64,294.73,False
2026-07-27,West,Sports,10,1060.51,10605.1,240.43,False
2026-07-28,North,Electronics,20,3029.65,60592.95,399.92,False
2026-07-28,North,Apparel,23,885.88,20375.24,188.59,False
2026-07-28,North,Home & Kitchen,13,1555.82,20225.69,253.73,False
2026-07-28,North,Beauty,20,632.24,12644.79,392.24,False
2026-07-28,North,Sports,7,1093.17,7652.22,381.18,False
2026-07-28,South,Electronics,10,3194.57,31945.68,505.41,False
2026-07-28,South,Apparel,28,900.19,25205.37,368.41,False
2026-07-28,South,Home & Kitchen,16,1572.45,25159.13,280.25,False
2026-07-28,South,Beauty,14,634.79,8886.99,335.32,False
2026-07-28,South,Sports,11,1156.61,12722.71,250.39,False
2026-07-28,East,Electronics,14,3070.94,42993.11,457.99,False
2026-07-28,East,Apparel,15,884.79,13271.82,307.13,False
2026-07-28,East,Home & Kitchen,11,1498.81,16486.86,260.66,False
2026-07-28,East,Beauty,17,637.93,10844.74,329.11,False
2026-07-28,East,Sports,7,1168.89,8182.26,330.52,False
2026-07-28,West,Electronics,11,3327.44,36601.85,458.59,False
2026-07-28,West,Apparel,17,836.77,14225.04,285.61,False
2026-07-28,West,Home & Kitchen,10,1423.23,14232.3,238.08,False
2026-07-28,West,Beauty,23,686.38,15786.68,357.26,False
2026-07-28,West,Sports,13,1117.3,14524.93,248.28,False
2026-07-29,North,Electronics,9,3306.93,29762.35,571.17,False
2026-07-29,North,Apparel,20,914.41,18288.22,128.31,False
2026-07-29,North,Home & Kitchen,18,1495.51,26919.25,231.59,False
2026-07-29,North,Beauty,19,652.99,12406.78,309.72,False
2026-07-29,North,Sports,6,1107.73,6646.38,377.4,False
2026-07-29,South,Electronics,10,3125.07,31250.72,477.76,False
2026-07-29,South,Apparel,27,966.29,26089.7,224.13,False
2026-07-29,South,Home & Kitchen,15,1498.46,22476.92,275.83,False
2026-07-29,South,Beauty,17,713.91,12136.54,383.52,False
2026-07-29,South,Sports,6,1079.33,6475.96,289.99,False
2026-07-29,East,Electronics,19,3250.11,61752.12,476.38,False
2026-07-29,East,Apparel,21,938.84,19715.73,228.14,False
2026-07-29,East,Home & Kitchen,18,1545.01,27810.16,352.32,False
2026-07-29,East,Beauty,19,635.91,12082.25,258.36,False
2026-07-29,East,Sports,12,1136.33,13635.98,346.19,False
2026-07-29,West,Electronics,17,3145.27,53469.62,658.08,False
2026-07-29,West,Apparel,21,954.16,20037.41,260.34,False
2026-07-29,West,Home & Kitchen,14,1523.09,21323.21,305.67,False
2026-07-29,West,Beauty,16,635.01,10160.09,273.03,False
2026-07-29,West,Sports,9,1065.42,9588.82,269.02,False
2026-07-30,North,Electronics,14,3126.68,43773.45,533.62,False
2026-07-30,North,Apparel,21,876.83,18413.47,284.42,False
2026-07-30,North,Home & Kitchen,8,1441.09,11528.68,248.67,False
2026-07-30,North,Beauty,16,614.22,9827.57,261.94,False
2026-07-30,North,Sports,8,1076.51,8612.1,300.43,False
2026-07-30,South,Electronics,9,3299.82,29698.41,545.17,False
2026-07-30,South,Apparel,20,910.76,18215.22,340.56,False
2026-07-30,South,Home & Kitchen,6,1493.02,8958.14,410.53,False
2026-07-30,South,Beauty,17,714.84,12152.32,245.09,False
2026-07-30,South,Sports,11,1132.2,12454.2,260.12,False
2026-07-30,East,Electronics,16,3120.53,49928.56,547.17,False
2026-07-30,East,Apparel,19,951.51,18078.75,382.11,False
2026-07-30,East,Home & Kitchen,8,1446.61,11572.9,211.88,False
2026-07-30,East,Beauty,18,729.55,13131.86,234.84,False
2026-07-30,East,Sports,11,1167.29,12840.19,303.88,False
2026-07-30,West,Electronics,17,3113.28,52925.73,435.58,False
2026-07-30,West,Apparel,18,819.26,14746.65,220.67,False
2026-07-30,West,Home & Kitchen,17,1523.78,25904.34,318.33,False
2026-07-30,West,Beauty,15,679.66,10194.92,299.88,False
2026-07-30,West,Sports,7,1106.23,7743.63,276.17,False
2026-07-31,North,Electronics,15,3253.97,48809.5,494.36,False
2026-07-31,North,Apparel,14,902.83,12639.62,248.23,False
2026-07-31,North,Home & Kitchen,11,1415.61,15571.71,361.27,False
2026-07-31,North,Beauty,16,651.07,10417.13,368.56,False
2026-07-31,North,Sports,10,1123.93,11239.31,270.9,False
2026-07-31,South,Electronics,14,3448.91,48284.72,594.56,False
2026-07-31,South,Apparel,11,932.84,10261.21,256.68,False
2026-07-31,South,Home & Kitchen,7,1461.33,10229.33,259.43,False
2026-07-31,South,Beauty,13,657.2,8543.57,218.97,False
2026-07-31,South,Sports,10,1172.28,11722.77,375.91,False
2026-07-31,East,Electronics,17,3183.09,54112.55,513.63,False
2026-07-31,East,Apparel,23,926.14,21301.15,370.16,False
2026-07-31,East,Home & Kitchen,6,1482.33,8893.96,149.03,False
2026-07-31,East,Beauty,16,663.81,10620.99,306.83,False
2026-07-31,East,Sports,8,1044.16,8353.28,298.35,False
2026-07-31,West,Electronics,19,3203.63,60868.89,404.0,False
2026-07-31,West,Apparel,24,937.01,22488.24,296.8,False
2026-07-31,West,Home & Kitchen,12,1507.15,18085.77,319.08,False
2026-07-31,West,Beauty,17,634.14,10780.34,437.98,False
2026-07-31,West,Sports,16,1091.39,17462.28,315.56,False
2026-08-01,North,Electronics,18,3382.05,60876.96,512.63,False
2026-08-01,North,Apparel,20,949.81,18996.28,338.44,False
2026-08-01,North,Home & Kitchen,13,1454.01,18902.16,227.4,False
2026-08-01,North,Beauty,22,641.31,14108.88,374.94,False
2026-08-01,North,Sports,10,1146.65,11466.54,283.78,False
2026-08-01,South,Electronics,12,3154.78,37857.42,474.73,False
2026-08-01,South,Apparel,26,879.6,22869.56,262.14,False
2026-08-01,South,Home & Kitchen,13,1454.27,18905.49,289.78,False
2026-08-01,South,Beauty,14,669.13,9367.81,218.5,False
2026-08-01,South,Sports,12,1045.9,12550.82,321.43,False
2026-08-01,East,Electronics,14,3093.14,43303.95,495.68,False
2026-08-01,East,Apparel,22,867.97,19095.28,270.47,False
2026-08-01,East,Home & Kitchen,11,1529.12,16820.3,331.37,False
2026-08-01,East,Beauty,16,675.89,10814.28,243.95,False
2026-08-01,East,Sports,12,1080.15,12961.78,231.7,False
2026-08-01,West,Electronics,17,3114.0,52938.06,481.05,False
2026-08-01,West,Apparel,29,988.99,28680.57,310.23,False
2026-08-01,West,Home & Kitchen,19,1515.39,28792.4,326.12,False
2026-08-01,West,Beauty,25,609.15,15228.79,346.24,False
2026-08-01,West,Sports,17,1099.61,18693.32,196.48,False
2026-08-02,North,Electronics,15,3140.3,47104.48,433.47,False
2026-08-02,North,Apparel,15,883.05,13245.76,344.36,False
2026-08-02,North,Home & Kitchen,10,1574.29,15742.9,260.1,False
2026-08-02,North,Beauty,12,697.48,8369.78,231.97,False
2026-08-02,North,Sports,14,1134.37,15881.21,363.16,False
2026-08-02,South,Electronics,23,3034.43,69791.92,451.22,False
2026-08-02,South,Apparel,12,958.18,11498.1,346.77,False
2026-08-02,South,Home & Kitchen,8,1459.99,11679.96,290.81,False
2026-08-02,South,Beauty,18,658.67,11856.1,311.13,False
2026-08-02,South,Sports,11,1110.68,12217.44,333.4,False
2026-08-02,East,Electronics,23,3285.56,75567.82,459.82,False
2026-08-02,East,Apparel,16,945.57,15129.09,363.94,False
2026-08-02,East,Home & Kitchen,17,1488.65,25306.97,481.91,False
2026-08-02,East,Beauty,16,671.73,10747.62,293.17,False
2026-08-02,East,Sports,14,1111.9,15566.62,245.46,False
2026-08-02,West,Electronics,13,3122.15,40587.89,453.41,False
2026-08-02,West,Apparel,18,847.55,15255.87,258.11,False
2026-08-02,West,Home & Kitchen,12,1461.31,17535.7,320.43,False
2026-08-02,West,Beauty,21,626.14,13148.93,228.7,False
2026-08-02,West,Sports,13,1142.97,14858.65,302.36,False
2026-08-03,North,Electronics,15,3280.27,49204.05,522.8,False
2026-08-03,North,Apparel,26,874.37,22733.52,333.9,False
2026-08-03,North,Home & Kitchen,4,1441.13,5764.54,256.61,False
2026-08-03,North,Beauty,16,613.03,9808.43,250.69,False
2026-08-03,North,Sports,11,1145.09,12595.98,274.9,False
2026-08-03,South,Electronics,17,3160.81,53733.7,566.27,False
2026-08-03,South,Apparel,12,917.27,11007.23,319.23,False
2026-08-03,South,Home & Kitchen,6,1502.47,9014.83,296.31,False
2026-08-03,South,Beauty,14,676.44,9470.18,327.98,False
2026-08-03,South,Sports,11,1127.09,12397.94,212.83,False
2026-08-03,East,Electronics,21,3340.46,70149.62,544.48,False
2026-08-03,East,Apparel,13,909.34,11821.47,315.49,False
2026-08-03,East,Home & Kitchen,11,1449.37,15943.09,219.01,False
2026-08-03,East,Beauty,21,679.88,14277.56,297.32,False
2026-08-03,East,Sports,8,1071.51,8572.09,398.66,False
2026-08-03,West,Electronics,14,3213.75,44992.55,434.47,False
2026-08-03,West,Apparel,22,882.34,19411.55,323.71,False
2026-08-03,West,Home & Kitchen,8,1481.22,11849.74,250.89,False
2026-08-03,West,Beauty,19,645.39,12262.33,277.37,False
2026-08-03,West,Sports,6,1142.29,6853.73,173.4,False
2026-08-04,North,Electronics,13,3423.18,44501.39,546.12,False
2026-08-04,North,Apparel,23,873.34,20086.85,360.55,False
2026-08-04,North,Home & Kitchen,14,1475.63,20658.85,238.29,False
2026-08-04,North,Beauty,19,637.14,12105.59,333.24,False
2026-08-04,North,Sports,7,1080.58,7564.05,309.09,False
2026-08-04,South,Electronics,19,3320.25,63084.67,558.56,False
2026-08-04,South,Apparel,20,863.68,17273.54,273.37,False
2026-08-04,South,Home & Kitchen,18,1489.55,26811.89,308.29,False
2026-08-04,South,Beauty,22,608.24,13381.22,281.21,False
2026-08-04,South,Sports,11,1102.47,12127.2,283.12,False
2026-08-04,East,Electronics,6,3061.89,18371.36,402.32,False
2026-08-04,East,Apparel,24,960.75,23058.05,346.93,False
2026-08-04,East,Home & Kitchen,10,1515.4,15153.98,310.66,False
2026-08-04,East,Beauty,16,651.69,10427.02,325.22,False
2026-08-04,East,Sports,13,1084.81,14102.57,137.77,False
2026-08-04,West,Electronics,12,3132.87,37594.5,438.82,False
2026-08-04,West,Apparel,19,818.67,15554.7,312.93,False
2026-08-04,West,Home & Kitchen,9,1423.09,12807.8,301.8,False
2026-08-04,West,Beauty,15,653.24,9798.63,284.69,False
2026-08-04,West,Sports,12,1073.24,12878.85,337.51,False
2026-08-05,North,Electronics,21,3241.59,68073.29,612.7,False
2026-08-05,North,Apparel,25,915.34,22883.51,298.59,False
2026-08-05,North,Home & Kitchen,16,1469.35,23509.6,235.58,False
2026-08-05,North,Beauty,28,622.78,17437.72,335.03,False
2026-08-05,North,Sports,10,1088.55,10885.5,188.51,False
2026-08-05,South,Electronics,14,3334.64,46684.92,409.06,False
2026-08-05,South,Apparel,20,960.16,19203.21,329.61,False
2026-08-05,South,Home & Kitchen,11,1497.58,16473.37,168.29,False
2026-08-05,South,Beauty,16,640.69,10251.05,233.65,False
2026-08-05,South,Sports,5,1094.93,5474.63,363.86,False
2026-08-05,East,Electronics,15,3248.03,48720.49,522.85,False
2026-08-05,East,Apparel,24,918.94,22054.64,260.92,False
2026-08-05,East,Home & Kitchen,15,1615.5,24232.51,418.94,False
2026-08-05,East,Beauty,14,640.29,8964.07,366.36,False
2026-08-05,East,Sports,10,1098.34,10983.39,205.12,False
2026-08-05,West,Electronics,11,3292.32,36215.49,587.71,False
2026-08-05,West,Apparel,23,866.05,19919.06,286.33,False
2026-08-05,West,Home & Kitchen,10,1417.13,14171.3,329.49,False
2026-08-05,West,Beauty,18,642.12,11558.1,365.73,False
2026-08-05,West,Sports,14,1126.87,15776.22,171.75,False
2026-08-06,North,Electronics,15,3202.35,48035.32,470.06,False
2026-08-06,North,Apparel,21,909.56,19100.74,305.37,False
2026-08-06,North,Home & Kitchen,8,1442.68,11541.45,283.08,False
2026-08-06,North,Beauty,15,648.91,9733.7,360.21,False
2026-08-06,North,Sports,5,1126.17,5630.83,285.39,False
2026-08-06,South,Electronics,17,3410.96,57986.29,489.13,False
2026-08-06,South,Apparel,16,862.68,13802.91,330.64,False
2026-08-06,South,Home & Kitchen,6,1564.54,9387.26,321.41,False
2026-08-06,South,Beauty,14,648.44,9078.13,300.75,False
2026-08-06,South,Sports,4,1059.5,4238.0,394.09,False
2026-08-06,East,Electronics,16,3002.83,48045.35,493.27,False
2026-08-06,East,Apparel,21,947.05,19888.09,321.12,False
2026-08-06,East,Home & Kitchen,13,1551.79,20173.21,251.15,False
2026-08-06,East,Beauty,18,646.0,11627.91,324.27,False
2026-08-06,East,Sports,11,1170.64,12877.05,362.94,False
2026-08-06,West,Electronics,17,3104.94,52783.93,428.92,False
2026-08-06,West,Apparel,27,933.37,25200.9,284.84,False
2026-08-06,West,Home & Kitchen,11,1534.87,16883.59,250.42,False
2026-08-06,West,Beauty,16,685.91,10974.61,400.6,False
2026-08-06,West,Sports,9,1121.59,10094.28,351.05,False
2026-08-07,North,Electronics,12,3246.5,38957.97,495.66,False
2026-08-07,North,Apparel,11,912.23,10034.5,311.16,False
2026-08-07,North,Home & Kitchen,15,1538.7,23080.52,423.27,False
2026-08-07,North,Beauty,11,658.03,7238.37,421.94,False
2026-08-07,North,Sports,12,1064.82,12777.78,267.18,False
2026-08-07,South,Electronics,18,3430.53,61749.48,526.89,False
2026-08-07,South,Apparel,14,836.1,11705.43,383.77,False
2026-08-07,South,Home & Kitchen,6,1416.63,8499.77,387.49,False
2026-08-07,South,Beauty,14,607.16,8500.21,388.08,False
2026-08-07,South,Sports,5,1018.48,5092.4,351.71,False
2026-08-07,East,Electronics,16,3244.57,51913.12,484.07,False
2026-08-07,East,Apparel,22,868.2,19100.33,363.12,False
2026-08-07,East,Home & Kitchen,12,1489.71,17876.56,222.56,False
2026-08-07,East,Beauty,15,656.17,9842.56,219.24,False
2026-08-07,East,Sports,7,1096.03,7672.18,261.16,False
2026-08-07,West,Electronics,22,3382.16,74407.44,476.42,False
2026-08-07,West,Apparel,25,930.72,23267.91,343.15,False
2026-08-07,West,Home & Kitchen,13,1445.58,18792.59,300.26,False
2026-08-07,West,Beauty,23,638.83,14693.18,318.88,False
2026-08-07,West,Sports,11,1100.42,12104.62,233.97,False
2026-08-08,North,Electronics,15,3262.45,48936.74,531.6,False
2026-08-08,North,Apparel,21,862.3,18108.31,336.65,False
2026-08-08,North,Home & Kitchen,18,1462.0,26316.09,333.69,False
2026-08-08,North,Beauty,19,668.68,12704.86,294.86,False
2026-08-08,North,Sports,21,1156.44,24285.3,252.61,False
2026-08-08,South,Electronics,12,3064.06,36768.7,426.39,False
2026-08-08,South,Apparel,16,873.32,13973.17,253.13,False
2026-08-08,South,Home & Kitchen,11,1489.29,16382.14,335.82,False
2026-08-08,South,Beauty,19,662.23,12582.4,340.09,False
2026-08-08,South,Sports,8,1065.6,8524.81,248.36,False
2026-08-08,East,Electronics,12,3258.28,39099.34,516.85,False
2026-08-08,East,Apparel,28,896.37,25098.42,383.22,False
2026-08-08,East,Home & Kitchen,6,1516.93,9101.55,314.82,False
2026-08-08,East,Beauty,15,723.98,10859.66,277.51,False
2026-08-08,East,Sports,13,1078.53,14020.85,392.67,False
2026-08-08,West,Electronics,18,2996.8,53942.42,454.54,False
2026-08-08,West,Apparel,27,1000.79,27021.31,278.0,False
2026-08-08,West,Home & Kitchen,15,1456.38,21845.77,377.96,False
2026-08-08,West,Beauty,17,644.09,10949.48,270.2,False
2026-08-08,West,Sports,13,1117.47,14527.1,192.8,False
2026-08-09,North,Electronics,14,3238.79,45343.06,535.42,False
2026-08-09,North,Apparel,22,933.29,20532.36,326.77,False
2026-08-09,North,Home & Kitchen,14,1473.63,20630.85,219.37,False
2026-08-09,North,Beauty,17,648.15,11018.54,186.85,False
2026-08-09,North,Sports,12,1058.41,12700.9,381.1,False
2026-08-09,South,Electronics,14,3428.0,47991.96,470.43,False
2026-08-09,South,Apparel,21,886.51,18616.66,343.33,False
2026-08-09,South,Home & Kitchen,10,1455.08,14550.75,286.76,False
2026-08-09,South,Beauty,19,654.14,12428.59,294.07,False
2026-08-09,South,Sports,7,1086.59,7606.1,268.39,False
2026-08-09,East,Electronics,16,3145.75,50331.96,456.08,False
2026-08-09,East,Apparel,30,956.17,28685.18,281.98,False
2026-08-09,East,Home & Kitchen,13,1496.17,19450.27,287.36,False
2026-08-09,East,Beauty,16,672.21,10755.36,313.86,False
2026-08-09,East,Sports,11,1057.43,11631.73,428.61,False
2026-08-09,West,Electronics,25,3383.18,84579.52,516.91,False
2026-08-09,West,Apparel,31,888.53,27544.36,289.82,False
2026-08-09,West,Home & Kitchen,16,1517.76,24284.19,411.03,False
2026-08-09,West,Beauty,17,647.56,11008.46,464.37,False
2026-08-09,West,Sports,7,1126.01,7882.06,255.48,False
2026-08-10,North,Electronics,16,3211.72,51387.45,387.67,False
2026-08-10,North,Apparel,14,885.31,12394.28,323.69,False
2026-08-10,North,Home & Kitchen,15,1397.05,20955.82,234.45,False
2026-08-10,North,Beauty,26,658.19,17112.97,333.77,False
2026-08-10,North,Sports,6,1078.43,6470.6,227.29,False
2026-08-10,South,Electronics,7,3148.31,22038.2,432.61,False
2026-08-10,South,Apparel,14,950.64,13308.93,319.42,False
2026-08-10,South,Home & Kitchen,8,1503.37,12026.95,241.13,False
2026-08-10,South,Beauty,17,631.13,10729.17,227.07,False
2026-08-10,South,Sports,9,1129.15,10162.36,208.66,False
2026-08-10,East,Electronics,13,3065.88,39856.39,437.56,False
2026-08-10,East,Apparel,18,987.21,17769.75,271.46,False
2026-08-10,East,Home & Kitchen,8,1485.35,11882.83,281.02,False
2026-08-10,East,Beauty,17,660.27,11224.67,319.38,False
2026-08-10,East,Sports,10,1139.09,11390.88,347.4,False
2026-08-10,West,Electronics,18,3103.29,55859.23,436.62,False
2026-08-10,West,Apparel,29,939.57,27247.55,323.79,False
2026-08-10,West,Home & Kitchen,15,1528.18,22922.75,304.09,False
2026-08-10,West,Beauty,16,642.09,10273.39,249.73,False
2026-08-10,West,Sports,9,1097.77,9879.97,378.47,False
2026-08-11,North,Electronics,14,3194.87,44728.15,456.38,False
2026-08-11,North,Apparel,21,885.32,18591.76,301.56,False
2026-08-11,North,Home & Kitchen,14,1450.27,20303.74,378.57,False
2026-08-11,North,Beauty,22,638.17,14039.67,285.63,False
2026-08-11,North,Sports,13,1054.47,13708.14,206.18,False
2026-08-11,South,Electronics,17,3417.7,58100.93,459.9,False
2026-08-11,South,Apparel,14,890.86,12472.07,344.66,False
2026-08-11,South,Home & Kitchen,8,1484.66,11877.29,278.55,False
2026-08-11,South,Beauty,16,633.83,10141.24,232.56,False
2026-08-11,South,Sports,9,1089.19,9802.69,261.02,False
2026-08-11,East,Electronics,10,3314.59,33145.88,516.4,False
2026-08-11,East,Apparel,22,888.93,19556.44,280.92,False
2026-08-11,East,Home & Kitchen,14,1569.98,21979.68,321.7,False
2026-08-11,East,Beauty,10,694.79,6947.94,310.26,False
2026-08-11,East,Sports,10,1142.57,11425.72,280.74,False
2026-08-11,West,Electronics,15,3246.31,48694.68,418.6,False
2026-08-11,West,Apparel,28,865.27,24227.54,261.37,False
2026-08-11,West,Home & Kitchen,9,1535.7,13821.27,256.53,False
2026-08-11,West,Beauty,24,649.54,15589.02,258.41,False
2026-08-11,West,Sports,11,1093.35,12026.83,298.12,False
2026-08-12,North,Electronics,19,3180.89,60436.82,490.08,False
2026-08-12,North,Apparel,21,902.2,18946.13,353.36,False
2026-08-12,North,Home & Kitchen,10,1467.5,14675.04,334.33,False
2026-08-12,North,Beauty,16,639.93,10238.85,351.95,False
2026-08-12,North,Sports,10,1095.67,10956.7,314.7,False
2026-08-12,South,Electronics,7,3119.56,21836.95,510.89,False
2026-08-12,South,Apparel,16,897.31,14356.94,294.36,False
2026-08-12,South,Home & Kitchen,9,1490.56,13415.05,290.38,False
2026-08-12,South,Beauty,13,636.74,8277.63,366.46,False
2026-08-12,South,Sports,11,1047.86,11526.48,333.12,False
2026-08-12,East,Electronics,17,3304.67,56179.34,526.18,False
2026-08-12,East,Apparel,20,906.15,18123.08,253.31,False
2026-08-12,East,Home & Kitchen,7,1546.55,10825.82,154.88,False
2026-08-12,East,Beauty,17,650.78,11063.19,333.53,False
2026-08-12,East,Sports,4,1124.07,4496.29,251.48,False
2026-08-12,West,Electronics,14,3324.76,46546.59,457.62,False
2026-08-12,West,Apparel,17,926.38,15748.38,240.0,False
2026-08-12,West,Home & Kitchen,15,1494.71,22420.58,360.6,False
2026-08-12,West,Beauty,12,624.59,7495.1,361.03,False
2026-08-12,West,Sports,7,1096.86,7678.03,236.83,False
2026-08-13,North,Electronics,18,3239.08,58303.48,491.23,False
2026-08-13,North,Apparel,27,910.26,24577.14,277.16,False
2026-08-13,North,Home & Kitchen,16,1505.66,24090.55,419.67,False
2026-08-13,North,Beauty,14,639.71,8955.89,387.27,False
2026-08-13,North,Sports,14,1069.85,14977.89,266.42,False
2026-08-13,South,Electronics,14,3334.71,46685.94,527.36,False
2026-08-13,South,Apparel,25,859.05,21476.17,238.54,False
2026-08-13,South,Home & Kitchen,11,1563.69,17200.6,336.42,False
2026-08-13,South,Beauty,15,622.16,9332.35,269.35,False
2026-08-13,South,Sports,5,1037.65,5188.26,441.35,False
2026-08-13,East,Electronics,15,3273.77,49106.48,439.8,False
2026-08-13,East,Apparel,21,910.2,19114.16,201.64,False
2026-08-13,East,Home & Kitchen,13,1451.45,18868.9,180.65,False
2026-08-13,East,Beauty,14,650.23,9103.22,353.26,False
2026-08-13,East,Sports,11,1124.37,12368.08,292.02,False
2026-08-13,West,Electronics,20,3376.62,67532.37,572.57,False
2026-08-13,West,Apparel,20,919.53,18390.61,496.26,False
2026-08-13,West,Home & Kitchen,6,1525.13,9150.77,323.83,False
2026-08-13,West,Beauty,25,668.32,16708.02,242.34,False
2026-08-13,West,Sports,11,1126.38,12390.2,312.26,False
2026-08-14,North,Electronics,19,3091.39,58736.39,437.08,False
2026-08-14,North,Apparel,31,899.03,27869.92,312.92,False
2026-08-14,North,Home & Kitchen,17,1587.94,26994.97,283.94,False
2026-08-14,North,Beauty,14,679.06,9506.8,390.67,False
2026-08-14,North,Sports,11,1149.24,12641.64,271.99,False
2026-08-14,South,Electronics,13,3138.87,40805.27,452.04,False
2026-08-14,South,Apparel,16,893.37,14293.95,223.73,False
2026-08-14,South,Home & Kitchen,12,1610.65,19327.76,323.62,False
2026-08-14,South,Beauty,21,643.77,13519.23,277.3,False
2026-08-14,South,Sports,12,1061.91,12742.91,376.88,False
2026-08-14,East,Electronics,17,3166.54,53831.15,460.43,False
2026-08-14,East,Apparel,23,884.04,20332.89,365.77,False
2026-08-14,East,Home & Kitchen,11,1515.58,16671.34,425.5,False
2026-08-14,East,Beauty,11,651.13,7162.43,314.76,False
2026-08-14,East,Sports,8,1058.3,8466.41,481.43,False
2026-08-14,West,Electronics,16,3008.56,48136.89,506.99,False
2026-08-14,West,Apparel,18,937.62,16877.2,328.32,False
2026-08-14,West,Home & Kitchen,17,1610.21,27373.63,228.49,False
2026-08-14,West,Beauty,22,665.01,14630.23,248.7,False
2026-08-14,West,Sports,3,1101.28,3303.83,285.01,False
2026-08-15,North,Electronics,11,3189.62,35085.8,470.91,False
2026-08-15,North,Apparel,25,867.82,21695.62,164.69,False
2026-08-15,North,Home & Kitchen,16,1488.02,23808.35,231.13,False
2026-08-15,North,Beauty,14,623.29,8726.09,254.96,False
2026-08-15,North,Sports,11,1080.29,11883.23,417.28,False
2026-08-15,South,Electronics,11,3152.68,34679.46,464.22,False
2026-08-15,South,Apparel,29,895.06,25956.74,344.17,False
2026-08-15,South,Home & Kitchen,13,1431.82,18613.68,406.29,False
2026-08-15,South,Beauty,17,637.72,10841.18,220.54,False
2026-08-15,South,Sports,15,1120.89,16813.38,258.48,False
2026-08-15,East,Electronics,13,3163.73,41128.52,536.66,False
2026-08-15,East,Apparel,19,861.28,16364.41,244.61,False
2026-08-15,East,Home & Kitchen,18,1503.96,27071.26,272.14,False
2026-08-15,East,Beauty,20,648.74,12974.79,272.06,False
2026-08-15,East,Sports,11,1096.38,12060.15,376.2,False
2026-08-15,West,Electronics,19,3192.9,60665.08,398.14,False
2026-08-15,West,Apparel,18,926.87,16683.68,254.88,False
2026-08-15,West,Home & Kitchen,18,1574.16,28334.88,318.68,False
2026-08-15,West,Beauty,23,613.04,14099.81,258.26,False
2026-08-15,West,Sports,10,1107.51,11075.09,216.57,False
2026-08-16,North,Electronics,19,3193.2,60670.72,400.68,False
2026-08-16,North,Apparel,18,930.52,16749.42,274.63,False
2026-08-16,North,Home & Kitchen,13,1370.51,17816.57,297.77,False
2026-08-16,North,Beauty,22,621.98,13683.53,325.45,False
2026-08-16,North,Sports,9,1089.14,9802.23,219.35,False
2026-08-16,South,Electronics,12,3227.15,38725.81,522.9,False
2026-08-16,South,Apparel,26,877.79,22822.51,359.17,False
2026-08-16,South,Home & Kitchen,11,1481.1,16292.14,445.6,False
2026-08-16,South,Beauty,22,630.49,13870.87,407.14,False
2026-08-16,South,Sports,11,1122.55,12348.1,315.46,False
2026-08-16,East,Electronics,18,3194.63,57503.42,525.86,False
2026-08-16,East,Apparel,25,876.92,21923.09,401.63,False
2026-08-16,East,Home & Kitchen,16,1480.79,23692.57,405.57,False
2026-08-16,East,Beauty,17,624.78,10621.34,319.41,False
2026-08-16,East,Sports,14,1147.77,16068.74,221.54,False
2026-08-16,West,Electronics,23,3070.97,70632.31,444.98,False
2026-08-16,West,Apparel,23,893.9,20559.78,376.33,False
2026-08-16,West,Home & Kitchen,14,1557.28,21801.89,348.55,False
2026-08-16,West,Beauty,14,670.42,9385.86,236.63,False
2026-08-16,West,Sports,9,1103.3,9929.67,362.36,False
2026-08-17,North,Electronics,13,3224.16,41914.02,457.75,False
2026-08-17,North,Apparel,19,910.44,17298.45,407.65,False
2026-08-17,North,Home & Kitchen,9,1521.98,13697.82,245.13,False
2026-08-17,North,Beauty,24,657.08,15769.94,188.83,False
2026-08-17,North,Sports,6,1086.63,6519.8,374.57,False
2026-08-17,South,Electronics,18,3327.35,59892.38,459.35,False
2026-08-17,South,Apparel,18,912.95,16433.09,327.74,False
2026-08-17,South,Home & Kitchen,15,1538.65,23079.73,255.96,False
2026-08-17,South,Beauty,17,570.1,9691.72,310.73,False
2026-08-17,South,Sports,10,1115.95,11159.54,246.12,False
2026-08-17,East,Electronics,11,3297.4,36271.41,478.81,False
2026-08-17,East,Apparel,22,946.37,20820.15,282.29,False
2026-08-17,East,Home & Kitchen,11,1472.5,16197.45,350.91,False
2026-08-17,East,Beauty,9,642.39,5781.51,345.43,False
2026-08-17,East,Sports,11,1183.18,13014.98,344.56,False
2026-08-17,West,Electronics,15,3271.35,49070.2,493.06,False
2026-08-17,West,Apparel,19,946.69,17987.19,231.59,False
2026-08-17,West,Home & Kitchen,17,1619.46,27530.81,274.64,False
2026-08-17,West,Beauty,16,623.93,9982.86,463.88,False
2026-08-17,West,Sports,13,1098.16,14276.02,304.05,False
2026-08-18,North,Electronics,11,3249.73,35747.08,467.61,False
2026-08-18,North,Apparel,13,862.8,11216.4,194.41,False
2026-08-18,North,Home & Kitchen,17,1429.33,24298.65,318.79,False
2026-08-18,North,Beauty,15,622.86,9342.87,271.69,False
2026-08-18,North,Sports,10,1063.24,10632.43,296.47,False
2026-08-18,South,Electronics,13,3169.76,41206.88,443.32,False
2026-08-18,South,Apparel,15,883.87,13258.05,308.73,False
2026-08-18,South,Home & Kitchen,11,1478.48,16263.32,334.02,False
2026-08-18,South,Beauty,22,670.68,14754.88,411.17,False
2026-08-18,South,Sports,6,1158.12,6948.72,322.92,False
2026-08-18,East,Electronics,10,3059.79,30597.9,596.85,False
2026-08-18,East,Apparel,24,877.63,21063.12,261.05,False
2026-08-18,East,Home & Kitchen,12,1409.97,16919.7,288.3,False
2026-08-18,East,Beauty,17,657.62,11179.54,315.92,False
2026-08-18,East,Sports,12,1115.88,13390.61,342.97,False
2026-08-18,West,Electronics,15,3137.3,47059.48,391.24,False
2026-08-18,West,Apparel,19,920.71,17493.54,325.33,False
2026-08-18,West,Home & Kitchen,12,1533.1,18397.24,325.59,False
2026-08-18,West,Beauty,24,627.05,15049.09,264.99,False
2026-08-18,West,Sports,13,1084.25,14095.22,317.24,False
2026-08-19,North,Electronics,14,3344.57,46824.03,480.71,False
2026-08-19,North,Apparel,18,888.24,15988.35,290.64,False
2026-08-19,North,Home & Kitchen,16,1365.56,21848.92,276.7,False
2026-08-19,North,Beauty,11,673.4,7407.35,348.8,False
2026-08-19,North,Sports,12,1095.07,13140.89,293.71,False
2026-08-19,South,Electronics,18,3232.31,58181.64,545.19,False
2026-08-19,South,Apparel,13,837.05,10881.69,351.98,False
2026-08-19,South,Home & Kitchen,13,1414.23,18384.99,407.1,False
2026-08-19,South,Beauty,16,672.21,10755.42,240.78,False
2026-08-19,South,Sports,11,983.39,10817.29,279.57,False
2026-08-19,East,Electronics,13,3291.52,42789.77,449.0,False
2026-08-19,East,Apparel,16,901.14,14418.18,279.1,False
2026-08-19,East,Home & Kitchen,12,1518.79,18225.48,304.08,False
2026-08-19,East,Beauty,19,650.31,12355.88,418.87,False
2026-08-19,East,Sports,12,963.14,11557.66,343.98,False
2026-08-19,West,Electronics,14,3087.27,43221.75,521.01,False
2026-08-19,West,Apparel,26,883.89,22981.17,274.43,False
2026-08-19,West,Home & Kitchen,12,1532.56,18390.73,299.14,False
2026-08-19,West,Beauty,17,615.46,10462.85,418.62,False
2026-08-19,West,Sports,13,1097.1,14262.36,304.03,False
2026-08-20,North,Electronics,18,3194.91,57508.39,510.49,False
2026-08-20,North,Apparel,19,894.7,16999.25,334.84,False
2026-08-20,North,Home & Kitchen,17,1459.66,24814.24,388.18,False
2026-08-20,North,Beauty,17,633.09,10762.51,272.84,False
2026-08-20,North,Sports,12,1016.85,12202.16,221.06,False
2026-08-20,South,Electronics,10,3106.03,31060.29,379.12,False
2026-08-20,South,Apparel,17,914.53,15547.0,311.25,False
2026-08-20,South,Home & Kitchen,11,1431.65,15748.16,297.41,False
2026-08-20,South,Beauty,14,666.4,9329.54,255.75,False
2026-08-20,South,Sports,11,1126.19,12388.12,339.98,False
2026-08-20,East,Electronics,12,3211.07,38532.88,446.03,False
2026-08-20,East,Apparel,28,903.45,25296.46,228.75,False
2026-08-20,East,Home & Kitchen,14,1428.06,19992.83,237.53,False
2026-08-20,East,Beauty,11,665.04,7315.42,331.38,False
2026-08-20,East,Sports,7,1111.97,7783.78,262.3,False
2026-08-20,West,Electronics,19,3403.87,64673.52,489.69,False
2026-08-20,West,Apparel,18,847.18,15249.23,233.87,False
2026-08-20,West,Home & Kitchen,9,1494.58,13451.24,336.88,False
2026-08-20,West,Beauty,19,638.41,12129.83,175.07,False
2026-08-20,West,Sports,12,1154.59,13855.03,347.1,False
2026-08-21,North,Electronics,16,3187.86,51005.76,453.48,False
2026-08-21,North,Apparel,23,903.68,20784.71,196.26,False
2026-08-21,North,Home & Kitchen,10,1549.68,15496.76,311.23,False
2026-08-21,North,Beauty,13,658.4,8559.14,389.74,False
2026-08-21,North,Sports,8,1059.9,8479.22,403.89,False
2026-08-21,South,Electronics,17,3114.46,52945.84,515.41,False
2026-08-21,South,Apparel,20,865.67,17313.43,322.24,False
2026-08-21,South,Home & Kitchen,9,1454.59,13091.27,290.33,False
2026-08-21,South,Beauty,17,659.22,11206.68,298.48,False
2026-08-21,South,Sports,10,1070.81,10708.13,337.59,False
2026-08-21,East,Electronics,13,3147.59,40918.65,433.45,False
2026-08-21,East,Apparel,17,893.59,15191.0,215.19,False
2026-08-21,East,Home & Kitchen,13,1508.89,19615.58,333.7,False
2026-08-21,East,Beauty,21,665.25,13970.27,311.75,False
2026-08-21,East,Sports,11,1036.69,11403.63,325.17,False
2026-08-21,West,Electronics,13,3136.69,40777.02,549.64,False
2026-08-21,West,Apparel,24,879.7,21112.81,259.36,False
2026-08-21,West,Home & Kitchen,20,1479.4,29588.09,346.84,False
2026-08-21,West,Beauty,18,643.29,11579.28,282.03,False
2026-08-21,West,Sports,11,1110.32,12213.57,204.56,False
2026-08-22,North,Electronics,12,3019.32,36231.88,600.47,False
2026-08-22,North,Apparel,14,866.38,12129.29,269.37,False
2026-08-22,North,Home & Kitchen,16,1453.39,23254.32,365.61,False
2026-08-22,North,Beauty,17,638.92,10861.57,142.55,False
2026-08-22,North,Sports,17,1136.29,19316.91,186.82,False
2026-08-22,South,Electronics,15,3360.26,50403.92,496.84,False
2026-08-22,South,Apparel,19,925.67,17587.72,253.73,False
2026-08-22,South,Home & Kitchen,8,1522.56,12180.52,191.51,False
2026-08-22,South,Beauty,16,673.5,10775.98,237.04,False
2026-08-22,South,Sports,12,1118.44,13421.34,308.89,False
2026-08-22,East,Electronics,7,3203.99,22427.94,498.93,False
2026-08-22,East,Apparel,23,902.62,20760.33,302.06,False
2026-08-22,East,Home & Kitchen,16,1441.42,23062.67,286.91,False
2026-08-22,East,Beauty,19,594.9,11303.16,353.45,False
2026-08-22,East,Sports,13,1078.96,14026.49,297.07,False
2026-08-22,West,Electronics,16,3253.17,52050.78,504.2,False
2026-08-22,West,Apparel,20,864.57,17291.49,261.69,False
2026-08-22,West,Home & Kitchen,22,1441.45,31711.89,255.96,False
2026-08-22,West,Beauty,28,615.15,17224.33,299.93,False
2026-08-22,West,Sports,8,1058.33,8466.63,238.67,False
2026-08-23,North,Electronics,11,3333.42,36667.64,491.87,False
2026-08-23,North,Apparel,20,890.64,17812.74,336.53,False
2026-08-23,North,Home & Kitchen,13,1500.63,19508.25,347.72,False
2026-08-23,North,Beauty,13,670.89,8721.52,288.01,False
2026-08-23,North,Sports,10,1107.53,11075.35,214.64,False
2026-08-23,South,Electronics,17,3134.66,53289.24,588.9,False
2026-08-23,South,Apparel,27,909.48,24556.05,304.88,False
2026-08-23,South,Home & Kitchen,18,1467.63,26417.31,280.6,False
2026-08-23,South,Beauty,13,634.89,8253.51,328.13,False
2026-08-23,South,Sports,16,1078.67,17258.77,364.74,False
2026-08-23,East,Electronics,21,3408.29,71574.0,495.0,False
2026-08-23,East,Apparel,27,923.81,24942.96,247.46,False
2026-08-23,East,Home & Kitchen,12,1596.98,19163.72,310.61,False
2026-08-23,East,Beauty,19,600.88,11416.64,234.03,False
2026-08-23,East,Sports,11,1131.96,12451.58,294.48,False
2026-08-23,West,Electronics,14,3470.8,48591.21,583.61,False
2026-08-23,West,Apparel,27,875.91,23649.69,295.21,False
2026-08-23,West,Home & Kitchen,13,1513.74,19678.6,336.99,False
2026-08-23,West,Beauty,17,652.86,11098.7,237.31,False
2026-08-23,West,Sports,11,1114.41,12258.56,334.21,False
2026-08-24,North,Electronics,13,3209.13,41718.63,429.69,False
2026-08-24,North,Apparel,10,909.08,9090.84,271.3,False
2026-08-24,North,Home & Kitchen,19,1400.93,26617.66,285.9,False
2026-08-24,North,Beauty,20,639.76,12795.17,219.84,False
2026-08-24,North,Sports,13,1075.83,13985.73,273.78,False
2026-08-24,South,Electronics,11,3099.81,34097.91,571.79,False
2026-08-24,South,Apparel,20,933.32,18666.46,181.36,False
2026-08-24,South,Home & Kitchen,14,1560.65,21849.06,323.23,False
2026-08-24,South,Beauty,18,659.55,11871.82,281.3,False
2026-08-24,South,Sports,14,1106.18,15486.57,494.48,False
2026-08-24,East,Electronics,15,3087.88,46318.23,494.18,False
2026-08-24,East,Apparel,23,953.22,21924.06,347.11,False
2026-08-24,East,Home & Kitchen,14,1425.52,19957.22,210.75,False
2026-08-24,East,Beauty,20,673.49,13469.76,329.83,False
2026-08-24,East,Sports,16,1095.38,17526.1,209.57,False
2026-08-24,West,Electronics,15,3103.6,46554.0,552.35,False
2026-08-24,West,Apparel,19,921.25,17503.77,260.33,False
2026-08-24,West,Home & Kitchen,10,1471.75,14717.48,273.59,False
2026-08-24,West,Beauty,21,659.95,13859.05,240.31,False
2026-08-24,West,Sports,14,1116.69,15633.68,243.31,False
2026-08-25,North,Electronics,11,3426.66,37693.28,528.82,False
2026-08-25,North,Apparel,32,987.39,31596.45,306.15,False
2026-08-25,North,Home & Kitchen,12,1497.47,17969.7,337.17,False
2026-08-25,North,Beauty,18,696.9,12544.24,308.08,False
2026-08-25,North,Sports,10,1131.38,11313.75,241.05,False
2026-08-25,South,Electronics,9,3337.28,30035.56,545.54,False
2026-08-25,South,Apparel,16,845.04,13520.69,260.71,False
2026-08-25,South,Home & Kitchen,11,1597.67,17574.38,421.36,False
2026-08-25,South,Beauty,15,660.37,9905.6,318.22,False
2026-08-25,South,Sports,5,1149.78,5748.91,311.28,False
2026-08-25,East,Electronics,9,2941.66,26474.98,495.18,False
2026-08-25,East,Apparel,16,898.93,14382.82,266.11,False
2026-08-25,East,Home & Kitchen,11,1450.38,15954.2,299.71,False
2026-08-25,East,Beauty,14,648.5,9079.04,274.24,False
2026-08-25,East,Sports,14,1106.06,15484.78,415.42,False
2026-08-25,West,Electronics,13,3455.33,44919.26,467.0,False
2026-08-25,West,Apparel,28,964.15,26996.15,345.01,False
2026-08-25,West,Home & Kitchen,9,1553.84,13984.58,299.21,False
2026-08-25,West,Beauty,23,641.77,14760.66,284.95,False
2026-08-25,West,Sports,14,1070.65,14989.04,259.88,False
2026-08-26,North,Electronics,14,3346.69,46853.61,424.89,False
2026-08-26,North,Apparel,16,890.37,14245.91,396.26,False
2026-08-26,North,Home & Kitchen,12,1461.65,17539.82,250.29,False
2026-08-26,North,Beauty,14,661.37,9259.23,370.54,False
2026-08-26,North,Sports,9,1086.27,9776.41,343.89,False
2026-08-26,South,Electronics,17,3230.24,54914.13,569.35,False
2026-08-26,South,Apparel,17,860.93,14635.84,330.33,False
2026-08-26,South,Home & Kitchen,12,1467.9,17614.78,355.63,False
2026-08-26,South,Beauty,17,643.27,10935.64,227.35,False
2026-08-26,South,Sports,10,1113.88,11138.75,234.81,False
2026-08-26,East,Electronics,11,3113.65,34250.1,464.64,False
2026-08-26,East,Apparel,26,917.41,23852.74,299.65,False
2026-08-26,East,Home & Kitchen,16,1496.82,23949.16,369.7,False
2026-08-26,East,Beauty,18,649.12,11684.08,377.76,False
2026-08-26,East,Sports,9,1061.7,9555.34,405.47,False
2026-08-26,West,Electronics,24,3272.96,78551.15,388.64,False
2026-08-26,West,Apparel,24,932.37,22376.94,333.49,False
2026-08-26,West,Home & Kitchen,12,1588.61,19063.3,322.31,False
2026-08-26,West,Beauty,24,639.95,15358.84,316.15,False
2026-08-26,West,Sports,12,1127.96,13535.5,353.2,False
2026-08-27,North,Electronics,17,3131.81,53240.77,500.99,False
2026-08-27,North,Apparel,17,928.65,15787.07,414.53,False
2026-08-27,North,Home & Kitchen,6,1456.67,8740.04,284.73,False
2026-08-27,North,Beauty,18,635.84,11445.14,347.03,False
2026-08-27,North,Sports,13,1125.96,14637.46,343.4,False
2026-08-27,South,Electronics,9,2915.15,26236.38,434.56,False
2026-08-27,South,Apparel,21,865.97,18185.29,269.19,False
2026-08-27,South,Home & Kitchen,12,1525.54,18306.51,324.14,False
2026-08-27,South,Beauty,14,683.91,9574.8,207.54,False
2026-08-27,South,Sports,8,1064.53,8516.26,350.93,False
2026-08-27,East,Electronics,9,3258.27,29324.39,513.02,False
2026-08-27,East,Apparel,20,874.11,17482.26,336.61,False
2026-08-27,East,Home & Kitchen,13,1533.88,19940.5,227.27,False
2026-08-27,East,Beauty,16,665.66,10650.58,227.76,False
2026-08-27,East,Sports,13,1175.43,15280.59,359.24,False
2026-08-27,West,Electronics,11,3291.98,36211.82,490.52,False
2026-08-27,West,Apparel,13,893.77,11619.07,309.85,False
2026-08-27,West,Home & Kitchen,14,1465.25,20513.48,219.4,False
2026-08-27,West,Beauty,21,714.72,15009.13,326.85,False
2026-08-27,West,Sports,15,1122.4,16836.02,380.47,False
2026-08-28,North,Electronics,15,3156.02,47340.29,406.17,False
2026-08-28,North,Apparel,12,897.03,10764.32,324.31,False
2026-08-28,North,Home & Kitchen,7,1529.42,10705.95,390.13,False
2026-08-28,North,Beauty,10,654.11,6541.06,266.14,False
2026-08-28,North,Sports,12,1117.3,13407.58,327.67,False
2026-08-28,South,Electronics,11,3108.32,34191.56,517.33,False
2026-08-28,South,Apparel,20,913.62,18272.5,294.72,False
2026-08-28,South,Home & Kitchen,14,1506.08,21085.18,313.77,False
2026-08-28,South,Beauty,17,632.0,10744.07,259.02,False
2026-08-28,South,Sports,8,1129.15,9033.23,198.81,False
2026-08-28,East,Electronics,6,3251.5,19508.98,236.65,False
2026-08-28,East,Apparel,19,828.15,15734.8,391.16,False
2026-08-28,East,Home & Kitchen,17,1526.77,25955.06,369.05,False
2026-08-28,East,Beauty,17,667.99,11355.8,404.99,False
2026-08-28,East,Sports,14,1029.91,14418.73,302.65,False
2026-08-28,West,Electronics,19,3299.47,62689.98,536.07,False
2026-08-28,West,Apparel,25,829.81,20745.18,280.06,False
2026-08-28,West,Home & Kitchen,15,1522.73,22840.99,314.65,False
2026-08-28,West,Beauty,16,676.05,10816.85,294.27,False
2026-08-28,West,Sports,12,1071.54,12858.51,331.37,False
2026-08-29,North,Electronics,21,3203.62,67275.95,481.76,False
2026-08-29,North,Apparel,15,840.75,12611.27,322.97,False
2026-08-29,North,Home & Kitchen,18,1468.11,26426.03,413.72,False
2026-08-29,North,Beauty,18,624.16,11234.96,195.96,False
2026-08-29,North,Sports,8,1126.43,9011.46,246.23,False
2026-08-29,South,Electronics,12,3165.56,37986.78,586.24,False
2026-08-29,South,Apparel,19,908.95,17270.13,276.18,False
2026-08-29,South,Home & Kitchen,13,1535.93,19967.09,301.22,False
2026-08-29,South,Beauty,15,676.33,10145.0,325.84,False
2026-08-29,South,Sports,8,1116.85,8934.76,454.22,False
2026-08-29,East,Electronics,21,3198.99,67178.74,472.25,False
2026-08-29,East,Apparel,28,905.48,25353.52,347.84,False
2026-08-29,East,Home & Kitchen,11,1509.08,16599.89,311.72,False
2026-08-29,East,Beauty,22,679.83,14956.3,219.87,False
2026-08-29,East,Sports,14,1160.31,16244.38,302.54,False
2026-08-29,West,Electronics,15,3257.89,48868.33,539.68,False
2026-08-29,West,Apparel,25,927.57,23189.13,367.94,False
2026-08-29,West,Home & Kitchen,12,1531.24,18374.92,352.11,False
2026-08-29,West,Beauty,31,630.86,19556.78,292.21,False
2026-08-29,West,Sports,14,1062.7,14877.74,288.71,False
2026-08-30,North,Electronics,21,3508.64,73681.42,533.98,False
2026-08-30,North,Apparel,29,896.22,25990.4,308.97,False
2026-08-30,North,Home & Kitchen,16,1496.74,23947.83,366.62,False
2026-08-30,North,Beauty,13,653.04,8489.46,310.24,False
2026-08-30,North,Sports,13,1087.75,14140.8,207.75,False
2026-08-30,South,Electronics,13,3192.84,41506.92,606.14,False
2026-08-30,South,Apparel,19,873.79,16602.06,382.48,False
2026-08-30,South,Home & Kitchen,10,1636.36,16363.6,312.32,False
2026-08-30,South,Beauty,14,637.78,8928.92,216.35,False
2026-08-30,South,Sports,13,1086.32,14122.16,277.37,False
2026-08-30,East,Electronics,6,3128.02,18768.1,439.34,False
2026-08-30,East,Apparel,21,920.61,19332.73,353.0,False
2026-08-30,East,Home & Kitchen,13,1516.35,19712.59,283.86,False
2026-08-30,East,Beauty,19,640.05,12160.97,220.24,False
2026-08-30,East,Sports,11,1142.48,12567.23,451.7,False
2026-08-30,West,Electronics,21,3057.99,64217.88,512.52,False
2026-08-30,West,Apparel,24,893.7,21448.86,181.28,False
2026-08-30,West,Home & Kitchen,26,1497.92,38945.94,214.4,False
2026-08-30,West,Beauty,15,649.71,9745.6,328.78,False
2026-08-30,West,Sports,17,1142.34,19419.7,386.77,False
2026-08-31,North,Electronics,23,3283.02,75509.38,412.72,False
2026-08-31,North,Apparel,22,940.93,20700.4,378.91,False
2026-08-31,North,Home & Kitchen,12,1471.96,17663.54,328.96,False
2026-08-31,North,Beauty,9,642.53,5782.73,379.48,False
2026-08-31,North,Sports,13,1107.81,14401.54,301.35,False
2026-08-31,South,Electronics,8,3135.73,25085.82,461.18,False
2026-08-31,South,Apparel,14,932.3,13052.19,285.91,False
2026-08-31,South,Home & Kitchen,10,1619.9,16198.97,371.21,False
2026-08-31,South,Beauty,12,661.28,7935.34,327.27,False
2026-08-31,South,Sports,6,1089.45,6536.72,303.16,False
2026-08-31,East,Electronics,13,3374.93,43874.15,597.47,False
2026-08-31,East,Apparel,6,894.47,5366.83,331.68,False
2026-08-31,East,Home & Kitchen,13,1482.35,19270.56,285.45,False
2026-08-31,East,Beauty,14,618.69,8661.61,224.43,False
2026-08-31,East,Sports,8,1139.41,9115.31,335.48,False
2026-08-31,West,Electronics,19,3197.43,60751.13,404.95,False
2026-08-31,West,Apparel,17,922.0,15673.97,189.62,False
2026-08-31,West,Home & Kitchen,13,1390.6,18077.81,350.6,False
2026-08-31,West,Beauty,10,733.41,7334.12,163.61,False
2026-08-31,West,Sports,21,1072.9,22530.88,325.61,False
2026-09-01,North,Electronics,16,3083.3,49332.87,546.83,False
2026-09-01,North,Apparel,19,871.27,16554.07,294.9,False
2026-09-01,North,Home & Kitchen,12,1488.01,17856.09,296.97,False
2026-09-01,North,Beauty,22,639.73,14074.06,266.13,False
2026-09-01,North,Sports,12,1066.98,12803.8,389.91,False
2026-09-01,South,Electronics,10,3290.16,32901.65,351.27,False
2026-09-01,South,Apparel,16,882.67,14122.69,310.86,False
2026-09-01,South,Home & Kitchen,10,1555.33,15553.35,314.58,False
2026-09-01,South,Beauty,11,611.78,6729.62,313.43,False
2026-09-01,South,Sports,13,1131.0,14703.02,345.8,False
2026-09-01,East,Electronics,16,3006.56,48105.02,563.87,False
2026-09-01,East,Apparel,26,838.51,21801.23,291.2,False
2026-09-01,East,Home & Kitchen,11,1461.37,16075.12,351.28,False
2026-09-01,East,Beauty,14,660.13,9241.89,281.9,False
2026-09-01,East,Sports,10,1123.93,11239.28,251.57,False
2026-09-01,West,Electronics,18,3192.08,57457.42,419.34,False
2026-09-01,West,Apparel,23,897.85,20650.53,352.61,False
2026-09-01,West,Home & Kitchen,13,1490.5,19376.53,256.05,False
2026-09-01,West,Beauty,12,701.72,8420.68,294.22,False
2026-09-01,West,Sports,11,1128.36,12411.94,267.79,False
2026-09-02,North,Electronics,17,3340.95,56796.19,468.76,False
2026-09-02,North,Apparel,26,917.96,23867.09,398.57,False
2026-09-02,North,Home & Kitchen,8,1543.16,12345.25,230.82,False
2026-09-02,North,Beauty,16,615.36,9845.83,347.73,False
2026-09-02,North,Sports,6,985.92,5915.52,423.33,False
2026-09-02,South,Electronics,11,3014.5,33159.47,451.26,False
2026-09-02,South,Apparel,19,860.35,16346.74,235.62,False
2026-09-02,South,Home & Kitchen,5,1542.69,7713.44,408.72,False
2026-09-02,South,Beauty,16,616.48,9863.64,279.9,False
2026-09-02,South,Sports,10,1113.53,11135.26,310.48,False
2026-09-02,East,Electronics,16,3367.04,53872.66,456.74,False
2026-09-02,East,Apparel,26,905.25,23536.54,257.93,False
2026-09-02,East,Home & Kitchen,11,1421.18,15633.01,232.31,False
2026-09-02,East,Beauty,5,701.96,3509.8,360.1,False
2026-09-02,East,Sports,11,1087.4,11961.42,212.9,False
2026-09-02,West,Electronics,12,3364.61,40375.29,487.35,False
2026-09-02,West,Apparel,19,932.11,17710.06,211.79,False
2026-09-02,West,Home & Kitchen,14,1436.48,20110.74,174.92,False
2026-09-02,West,Beauty,19,596.43,11332.1,377.23,False
2026-09-02,West,Sports,11,1071.77,11789.45,251.91,False
2026-09-03,North,Electronics,19,2987.41,56760.77,478.73,False
2026-09-03,North,Apparel,15,902.61,13539.19,271.35,False
2026-09-03,North,Home & Kitchen,15,1540.19,23102.84,139.98,False
2026-09-03,North,Beauty,15,684.48,10267.19,189.17,False
2026-09-03,North,Sports,11,1066.22,11728.39,302.05,False
2026-09-03,South,Electronics,13,3204.66,41660.64,550.74,False
2026-09-03,South,Apparel,17,936.35,15917.93,212.91,False
2026-09-03,South,Home & Kitchen,11,1489.7,16386.74,351.3,False
2026-09-03,South,Beauty,18,663.84,11949.13,286.75,False
2026-09-03,South,Sports,12,1028.25,12339.01,384.65,False
2026-09-03,East,Electronics,13,3120.46,40566.03,462.47,False
2026-09-03,East,Apparel,17,889.61,15123.41,299.5,False
2026-09-03,East,Home & Kitchen,10,1458.4,14583.95,389.11,False
2026-09-03,East,Beauty,18,669.73,12055.08,301.43,False
2026-09-03,East,Sports,8,1139.33,9114.62,260.23,False
2026-09-03,West,Electronics,10,3310.67,33106.67,494.01,False
2026-09-03,West,Apparel,23,891.44,20503.2,289.74,False
2026-09-03,West,Home & Kitchen,14,1468.16,20554.24,368.15,False
2026-09-03,West,Beauty,13,682.64,8874.32,248.81,False
2026-09-03,West,Sports,12,1110.61,13327.32,283.94,False
2026-09-04,North,Electronics,14,3126.85,43775.96,513.17,False
2026-09-04,North,Apparel,20,900.44,18008.89,233.14,False
2026-09-04,North,Home & Kitchen,11,1528.63,16814.9,280.68,False
2026-09-04,North,Beauty,10,620.18,6201.79,325.73,False
2026-09-04,North,Sports,10,1091.08,10910.83,322.41,False
2026-09-04,South,Electronics,14,3184.75,44586.53,544.62,False
2026-09-04,South,Apparel,24,822.4,19737.56,333.8,False
2026-09-04,South,Home & Kitchen,8,1423.16,11385.27,373.97,False
2026-09-04,South,Beauty,17,627.7,10670.86,267.21,False
2026-09-04,South,Sports,14,1028.81,14403.27,425.85,False
2026-09-04,East,Electronics,19,3361.89,63875.94,413.18,False
2026-09-04,East,Apparel,21,902.82,18959.14,333.02,False
2026-09-04,East,Home & Kitchen,9,1496.28,13466.54,268.06,False
2026-09-04,East,Beauty,21,614.33,12901.01,284.85,False
2026-09-04,East,Sports,7,1112.31,7786.18,453.87,False
2026-09-04,West,Electronics,12,3329.96,39959.55,514.38,False
2026-09-04,West,Apparel,28,891.06,24949.59,192.98,False
2026-09-04,West,Home & Kitchen,12,1522.76,18273.12,218.27,False
2026-09-04,West,Beauty,21,666.18,13989.75,251.73,False
2026-09-04,West,Sports,12,1115.6,13387.24,285.9,False
2026-09-05,North,Electronics,12,3465.01,41580.13,465.22,False
2026-09-05,North,Apparel,19,929.06,17652.05,344.05,False
2026-09-05,North,Home & Kitchen,5,1564.54,7822.69,410.79,False
2026-09-05,North,Beauty,12,694.5,8333.96,239.75,False
2026-09-05,North,Sports,8,1080.18,8641.45,307.58,False
2026-09-05,South,Electronics,15,3150.03,47250.5,446.31,False
2026-09-05,South,Apparel,23,918.43,21123.85,424.47,False
2026-09-05,South,Home & Kitchen,10,1467.8,14677.96,325.29,False
2026-09-05,South,Beauty,16,660.02,10560.29,299.4,False
2026-09-05,South,Sports,8,1151.39,9211.14,223.97,False
2026-09-05,East,Electronics,24,3338.72,80129.22,442.56,False
2026-09-05,East,Apparel,23,893.48,20549.95,350.22,False
2026-09-05,East,Home & Kitchen,14,1432.21,20050.97,261.1,False
2026-09-05,East,Beauty,20,651.9,13037.92,239.86,False
2026-09-05,East,Sports,12,1093.73,13124.77,413.44,False
2026-09-05,West,Electronics,14,3282.03,45948.48,339.64,False
2026-09-05,West,Apparel,25,953.5,23837.44,357.88,False
2026-09-05,West,Home & Kitchen,13,1484.26,19295.39,245.73,False
2026-09-05,West,Beauty,19,690.0,13110.0,320.44,False
2026-09-05,West,Sports,9,1107.38,9966.39,374.35,False
2026-09-06,North,Electronics,14,3420.36,47885.07,597.32,False
2026-09-06,North,Apparel,17,952.67,16195.46,348.03,False
2026-09-06,North,Home & Kitchen,12,1519.9,18238.82,298.7,False
2026-09-06,North,Beauty,18,656.9,11824.22,277.48,False
2026-09-06,North,Sports,13,1142.68,14854.78,283.43,False
2026-09-06,South,Electronics,16,3218.7,51499.28,655.61,False
2026-09-06,South,Apparel,25,908.97,22724.25,309.82,False
2026-09-06,South,Home & Kitchen,17,1447.65,24609.99,297.14,False
2026-09-06,South,Beauty,11,643.56,7079.18,287.07,False
2026-09-06,South,Sports,9,1175.85,10582.66,339.73,False
2026-09-06,East,Electronics,16,3196.38,51142.01,453.92,False
2026-09-06,East,Apparel,22,898.45,19765.83,307.08,False
2026-09-06,East,Home & Kitchen,18,1552.08,27937.42,327.07,False
2026-09-06,East,Beauty,18,687.67,12378.1,468.01,False
2026-09-06,East,Sports,10,1142.84,11428.45,266.45,False
2026-09-06,West,Electronics,12,3250.94,39011.3,460.89,False
2026-09-06,West,Apparel,25,895.04,22376.06,184.35,False
2026-09-06,West,Home & Kitchen,19,1447.02,27493.41,324.87,False
2026-09-06,West,Beauty,27,669.57,18078.47,364.31,False
2026-09-06,West,Sports,16,1116.55,17864.77,376.26,False
2026-09-07,North,Electronics,15,3401.14,51017.08,412.99,False
2026-09-07,North,Apparel,15,858.92,12883.74,285.94,False
2026-09-07,North,Home & Kitchen,13,1538.99,20006.9,340.76,False
2026-09-07,North,Beauty,22,648.97,14277.36,298.17,False
2026-09-07,North,Sports,14,1052.23,14731.29,284.5,False
2026-09-07,South,Electronics,12,3208.25,38499.02,537.69,False
2026-09-07,South,Apparel,17,894.03,15198.55,299.55,False
2026-09-07,South,Home & Kitchen,12,1472.94,17675.28,375.69,False
2026-09-07,South,Beauty,19,623.71,11850.56,277.72,False
2026-09-07,South,Sports,6,1125.77,6754.6,194.41,False
2026-09-07,East,Electronics,15,2950.52,44257.85,473.19,False
2026-09-07,East,Apparel,19,876.71,16657.44,302.26,False
2026-09-07,East,Home & Kitchen,11,1547.18,17018.97,372.87,False
2026-09-07,East,Beauty,22,643.88,14165.36,291.39,False
2026-09-07,East,Sports,14,1138.87,15944.14,281.66,False
2026-09-07,West,Electronics,14,3292.14,46089.93,419.34,False
2026-09-07,West,Apparel,22,922.45,20293.92,262.29,False
2026-09-07,West,Home & Kitchen,12,1496.34,17956.05,303.83,False
2026-09-07,West,Beauty,19,652.12,12390.28,298.06,False
2026-09-07,West,Sports,10,1093.83,10938.28,234.64,False
2026-09-08,North,Electronics,13,3250.24,42253.12,457.55,False
2026-09-08,North,Apparel,23,890.97,20492.4,267.93,False
2026-09-08,North,Home & Kitchen,13,1478.52,19220.72,272.77,False
2026-09-08,North,Beauty,17,645.29,10969.9,280.7,False
2026-09-08,North,Sports,10,1089.41,10894.11,265.98,False
2026-09-08,South,Electronics,11,3202.52,35227.67,452.82,False
2026-09-08,South,Apparel,21,840.2,17644.29,349.16,False
2026-09-08,South,Home & Kitchen,11,1582.49,17407.44,275.82,False
2026-09-08,South,Beauty,17,713.55,12130.29,137.62,False
2026-09-08,South,Sports,12,1093.96,13127.48,276.13,False
2026-09-08,East,Electronics,16,3165.67,50650.66,396.68,False
2026-09-08,East,Apparel,16,953.76,15260.14,409.24,False
2026-09-08,East,Home & Kitchen,9,1426.08,12834.75,337.42,False
2026-09-08,East,Beauty,16,642.48,10279.64,272.06,False
2026-09-08,East,Sports,11,1065.45,11719.91,404.1,False
2026-09-08,West,Electronics,15,3069.89,46048.3,499.94,False
2026-09-08,West,Apparel,24,942.86,22628.61,275.71,False
2026-09-08,West,Home & Kitchen,12,1440.51,17286.08,231.22,False
2026-09-08,West,Beauty,17,600.29,10204.98,297.22,False
2026-09-08,West,Sports,12,1074.25,12891.02,216.19,False
2026-09-09,North,Electronics,10,3342.1,33421.0,487.18,False
2026-09-09,North,Apparel,19,888.08,16873.56,217.81,False
2026-09-09,North,Home & Kitchen,12,1607.11,19285.29,360.48,False
2026-09-09,North,Beauty,20,629.77,12595.35,388.81,False
2026-09-09,North,Sports,9,1086.5,9778.48,339.64,False
2026-09-09,South,Electronics,12,3097.81,37173.76,535.99,False
2026-09-09,South,Apparel,16,883.66,14138.58,227.45,False
2026-09-09,South,Home & Kitchen,9,1553.03,13977.24,276.73,False
2026-09-09,South,Beauty,17,640.8,10893.61,262.05,False
2026-09-09,South,Sports,14,1098.61,15380.54,230.75,False
2026-09-09,East,Electronics,14,3058.53,42819.47,394.27,False
2026-09-09,East,Apparel,27,877.58,23694.62,344.66,False
2026-09-09,East,Home & Kitchen,11,1456.6,16022.6,303.91,False
2026-09-09,East,Beauty,17,660.0,11219.92,206.07,False
2026-09-09,East,Sports,11,1126.91,12396.0,340.26,False
2026-09-09,West,Electronics,19,3102.85,58954.15,546.68,False
2026-09-09,West,Apparel,19,883.37,16784.0,303.0,False
2026-09-09,West,Home & Kitchen,14,1502.65,21037.12,267.59,False
2026-09-09,West,Beauty,12,633.97,7607.7,292.27,False
2026-09-09,West,Sports,13,1151.57,14970.45,181.24,False
2026-09-10,North,Electronics,16,3226.32,51621.18,555.22,False
2026-09-10,North,Apparel,26,900.52,23413.47,320.85,False
2026-09-10,North,Home & Kitchen,11,1537.94,16917.33,282.05,False
2026-09-10,North,Beauty,15,699.07,10486.06,298.95,False
2026-09-10,North,Sports,7,1121.04,7847.31,299.35,False
2026-09-10,South,Electronics,8,3209.77,25678.14,482.65,False
2026-09-10,South,Apparel,21,905.29,19011.04,213.45,False
2026-09-10,South,Home & Kitchen,20,1569.53,31390.56,287.93,False
2026-09-10,South,Beauty,12,637.35,7648.24,300.06,False
2026-09-10,South,Sports,6,1094.46,6566.75,238.17,False
2026-09-10,East,Electronics,13,3065.45,39850.84,477.53,False
2026-09-10,East,Apparel,19,896.68,17036.83,248.99,False
2026-09-10,East,Home & Kitchen,10,1427.78,14277.84,237.99,False
2026-09-10,East,Beauty,20,651.02,13020.4,303.17,False
2026-09-10,East,Sports,12,1073.91,12886.95,341.1,False
2026-09-10,West,Electronics,15,3092.16,46382.43,485.79,False
2026-09-10,West,Apparel,24,853.05,20473.14,384.24,False
2026-09-10,West,Home & Kitchen,10,1562.75,15627.5,298.19,False
2026-09-10,West,Beauty,18,644.02,11592.36,254.58,False
2026-09-10,West,Sports,12,1135.77,13629.28,306.93,False
2026-09-11,North,Electronics,24,3143.96,75455.09,456.45,False
2026-09-11,North,Apparel,19,827.17,15716.21,266.34,False
2026-09-11,North,Home & Kitchen,11,1571.97,17291.71,417.33,False
2026-09-11,North,Beauty,14,698.12,9773.71,357.07,False
2026-09-11,North,Sports,10,1098.18,10981.81,279.73,False
2026-09-11,South,Electronics,11,3175.54,34930.92,358.69,False
2026-09-11,South,Apparel,22,916.4,20160.82,387.47,False
2026-09-11,South,Home & Kitchen,14,1425.5,19956.94,443.84,False
2026-09-11,South,Beauty,13,687.05,8931.68,229.88,False
2026-09-11,South,Sports,17,1114.82,18951.86,283.36,False
2026-09-11,East,Electronics,14,3338.55,46739.7,481.39,False
2026-09-11,East,Apparel,18,916.94,16504.98,212.36,False
2026-09-11,East,Home & Kitchen,18,1487.53,26775.55,254.34,False
2026-09-11,East,Beauty,18,608.93,10960.69,279.97,False
2026-09-11,East,Sports,7,1073.3,7513.12,275.94,False
2026-09-11,West,Electronics,16,3115.32,49845.09,588.67,False
2026-09-11,West,Apparel,16,943.73,15099.68,263.98,False
2026-09-11,West,Home & Kitchen,12,1502.51,18030.14,389.49,False
2026-09-11,West,Beauty,19,643.18,12220.43,330.4,False
2026-09-11,West,Sports,7,1103.45,7724.17,275.66,False
2026-09-12,North,Electronics,19,3271.24,62153.55,450.8,False
2026-09-12,North,Apparel,27,904.58,24423.68,369.01,False
2026-09-12,North,Home & Kitchen,11,1474.48,16219.31,308.47,False
2026-09-12,North,Beauty,21,657.12,13799.54,359.84,False
2026-09-12,North,Sports,10,1139.65,11396.47,191.65,False
2026-09-12,South,Electronics,16,3391.43,54262.87,501.61,False
2026-09-12,South,Apparel,22,922.53,20295.59,284.81,False
2026-09-12,South,Home & Kitchen,15,1556.16,23342.35,170.16,False
2026-09-12,South,Beauty,23,655.81,15083.72,357.67,False
2026-09-12,South,Sports,11,1151.97,12671.71,163.28,False
2026-09-12,East,Electronics,16,3083.22,49331.57,520.19,False
2026-09-12,East,Apparel,26,895.14,23273.53,352.54,False
2026-09-12,East,Home & Kitchen,14,1458.42,20417.81,261.89,False
2026-09-12,East,Beauty,16,622.8,9964.79,198.91,False
2026-09-12,East,Sports,10,1154.52,11545.23,220.23,False
2026-09-12,West,Electronics,21,3176.14,66699.02,491.75,False
2026-09-12,West,Apparel,30,864.65,25939.47,359.42,False
2026-09-12,West,Home & Kitchen,14,1410.35,19744.91,293.12,False
2026-09-12,West,Beauty,23,665.79,15313.16,309.96,False
2026-09-12,West,Sports,12,1097.51,13170.16,330.98,False
2026-09-13,North,Electronics,17,3101.33,52722.64,467.71,False
2026-09-13,North,Apparel,17,893.13,15183.28,274.6,False
2026-09-13,North,Home & Kitchen,13,1453.76,18898.83,266.52,False
2026-09-13,North,Beauty,19,626.34,11900.44,354.54,False
2026-09-13,North,Sports,11,1170.8,12878.84,333.98,False
2026-09-13,South,Electronics,26,3143.11,81720.89,536.68,False
2026-09-13,South,Apparel,20,907.63,18152.63,315.09,False
2026-09-13,South,Home & Kitchen,15,1494.6,22418.94,313.27,False
2026-09-13,South,Beauty,18,650.55,11709.97,346.42,False
2026-09-13,South,Sports,9,1039.84,9358.58,407.44,False
2026-09-13,East,Electronics,13,3156.16,41030.05,470.7,False
2026-09-13,East,Apparel,34,916.0,31143.94,293.55,False
2026-09-13,East,Home & Kitchen,16,1488.59,23817.39,320.29,False
2026-09-13,East,Beauty,18,655.31,11795.58,336.18,False
2026-09-13,East,Sports,8,1060.12,8480.98,265.65,False
2026-09-13,West,Electronics,15,3110.54,46658.08,575.32,False
2026-09-13,West,Apparel,26,863.57,22452.74,349.98,False
2026-09-13,West,Home & Kitchen,14,1532.25,21451.53,304.42,False
2026-09-13,West,Beauty,30,683.54,20506.13,345.89,False
2026-09-13,West,Sports,13,1086.79,14128.33,232.31,False
2026-09-14,North,Electronics,12,3078.08,36936.9,411.25,False
2026-09-14,North,Apparel,19,923.43,17545.11,296.07,False
2026-09-14,North,Home & Kitchen,11,1452.77,15980.5,306.85,False
2026-09-14,North,Beauty,27,625.63,16892.12,355.09,False
2026-09-14,North,Sports,13,1050.6,13657.86,259.33,False
2026-09-14,South,Electronics,15,3413.33,51199.89,502.48,False
2026-09-14,South,Apparel,18,939.56,16912.0,243.47,False
2026-09-14,South,Home & Kitchen,9,1432.7,12894.34,328.0,False
2026-09-14,South,Beauty,18,652.65,11747.78,281.64,False
2026-09-14,South,Sports,8,1118.53,8948.26,267.6,False
2026-09-14,East,Electronics,12,3278.84,39346.1,611.75,False
2026-09-14,East,Apparel,17,924.2,15711.36,212.34,False
2026-09-14,East,Home & Kitchen,12,1464.61,17575.28,429.72,False
2026-09-14,East,Beauty,18,679.97,12239.41,243.14,False
2026-09-14,East,Sports,11,1146.25,12608.79,406.54,False
2026-09-14,West,Electronics,15,3249.74,48746.16,448.56,False
2026-09-14,West,Apparel,19,891.18,16932.37,302.94,False
2026-09-14,West,Home & Kitchen,19,1509.83,28686.82,264.07,False
2026-09-14,West,Beauty,22,648.84,14274.4,273.67,False
2026-09-14,West,Sports,14,1100.83,15411.62,310.61,False
2026-09-15,North,Electronics,17,3080.06,52361.07,483.36,False
2026-09-15,North,Apparel,26,947.49,24634.62,383.26,False
2026-09-15,North,Home & Kitchen,13,1437.76,18690.94,368.8,False
2026-09-15,North,Beauty,17,640.51,10888.63,418.37,False
2026-09-15,North,Sports,9,1078.66,9707.94,238.02,False
2026-09-15,South,Electronics,10,3174.83,31748.32,503.14,False
2026-09-15,South,Apparel,14,946.32,13248.53,279.05,False
2026-09-15,South,Home & Kitchen,4,1582.25,6328.99,293.71,False
2026-09-15,South,Beauty,19,655.22,12449.15,237.94,False
2026-09-15,South,Sports,8,1103.48,8827.84,273.56,False
2026-09-15,East,Electronics,12,3282.93,39395.11,541.21,False
2026-09-15,East,Apparel,17,868.46,14763.82,287.7,False
2026-09-15,East,Home & Kitchen,18,1387.67,24978.05,219.21,False
2026-09-15,East,Beauty,9,647.64,5828.79,225.86,False
2026-09-15,East,Sports,15,1116.81,16752.1,219.46,False
2026-09-15,West,Electronics,11,3102.19,34124.05,501.07,False
2026-09-15,West,Apparel,24,1000.96,24023.06,283.61,False
2026-09-15,West,Home & Kitchen,14,1548.59,21680.22,245.3,False
2026-09-15,West,Beauty,16,604.49,9671.91,220.71,False
2026-09-15,West,Sports,11,1087.07,11957.77,224.17,False
2026-09-16,North,Electronics,18,3270.3,58865.33,512.02,False
2026-09-16,North,Apparel,25,917.73,22943.33,280.15,False
2026-09-16,North,Home & Kitchen,11,1456.83,16025.17,381.07,False
2026-09-16,North,Beauty,14,678.05,9492.7,306.68,False
2026-09-16,North,Sports,10,1062.09,10620.91,274.55,False
2026-09-16,South,Electronics,13,3227.02,41951.29,574.85,False
2026-09-16,South,Apparel,13,815.88,10606.41,233.65,False
2026-09-16,South,Home & Kitchen,12,1480.4,17764.78,320.31,False
2026-09-16,South,Beauty,13,633.27,8232.5,296.85,False
2026-09-16,South,Sports,7,1136.95,7958.63,308.94,False
2026-09-16,East,Electronics,9,3119.26,28073.35,573.46,False
2026-09-16,East,Apparel,14,879.34,12310.73,357.66,False
2026-09-16,East,Home & Kitchen,13,1319.02,17147.22,276.46,False
2026-09-16,East,Beauty,24,675.02,16200.51,287.38,False
2026-09-16,East,Sports,9,1109.67,9987.07,269.19,False
2026-09-16,West,Electronics,15,2921.96,43829.38,466.71,False
2026-09-16,West,Apparel,21,833.83,17510.5,251.93,False
2026-09-16,West,Home & Kitchen,11,1558.2,17140.24,227.18,False
2026-09-16,West,Beauty,13,674.97,8774.63,292.01,False
2026-09-16,West,Sports,10,1119.11,11191.13,209.82,False
2026-09-17,North,Electronics,13,3255.19,42317.49,528.53,False
2026-09-17,North,Apparel,20,883.44,17668.89,325.25,False
2026-09-17,North,Home & Kitchen,13,1480.98,19252.72,260.81,False
2026-09-17,North,Beauty,13,660.96,8592.44,327.18,False
2026-09-17,North,Sports,15,1042.7,15640.47,288.25,False
2026-09-17,South,Electronics,14,3148.47,44078.56,464.78,False
2026-09-17,South,Apparel,17,910.76,15482.9,286.47,False
2026-09-17,South,Home & Kitchen,14,1516.54,21231.58,341.1,False
2026-09-17,South,Beauty,15,669.58,10043.71,309.76,False
2026-09-17,South,Sports,13,985.62,12813.07,338.48,False
2026-09-17,East,Electronics,11,3186.91,35056.05,498.65,False
2026-09-17,East,Apparel,23,939.08,21598.82,356.39,False
2026-09-17,East,Home & Kitchen,4,1567.0,6267.99,272.53,False
2026-09-17,East,Beauty,18,619.19,11145.39,418.58,False
2026-09-17,East,Sports,7,1105.21,7736.47,274.79,False
2026-09-17,West,Electronics,15,3198.24,47973.59,435.04,False
2026-09-17,West,Apparel,22,930.65,20474.38,299.57,False
2026-09-17,West,Home & Kitchen,9,1489.97,13409.71,230.06,False
2026-09-17,West,Beauty,16,680.68,10890.87,268.51,False
2026-09-17,West,Sports,9,1158.38,10425.4,349.93,False
2026-09-18,North,Electronics,18,3295.74,59323.26,484.0,False
2026-09-18,North,Apparel,15,870.05,13050.78,300.27,False
2026-09-18,North,Home & Kitchen,13,1488.64,19352.33,281.82,False
2026-09-18,North,Beauty,19,674.96,12824.28,297.39,False
2026-09-18,North,Sports,14,1084.42,15181.89,351.56,False
2026-09-18,South,Electronics,14,3182.06,44548.88,386.97,False
2026-09-18,South,Apparel,22,899.29,19784.39,296.05,False
2026-09-18,South,Home & Kitchen,5,1433.52,7167.59,275.21,False
2026-09-18,South,Beauty,15,629.48,9442.23,354.09,False
2026-09-18,South,Sports,11,1101.17,12112.89,223.05,False
2026-09-18,East,Electronics,15,3163.25,47448.77,531.93,False
2026-09-18,East,Apparel,17,873.14,14843.37,208.84,False
2026-09-18,East,Home & Kitchen,9,1431.71,12885.36,344.52,False
2026-09-18,East,Beauty,8,634.18,5073.46,370.76,False
2026-09-18,East,Sports,12,1077.52,12930.24,286.56,False
2026-09-18,West,Electronics,9,3211.66,28904.94,475.4,False
2026-09-18,West,Apparel,23,879.71,20233.35,245.71,False
2026-09-18,West,Home & Kitchen,12,1588.68,19064.18,257.95,False
2026-09-18,West,Beauty,27,683.96,18467.01,367.26,False
2026-09-18,West,Sports,11,1042.51,11467.58,310.24,False
2026-09-19,North,Electronics,16,3158.87,50541.96,597.1,False
2026-09-19,North,Apparel,31,923.37,28624.34,234.94,False
2026-09-19,North,Home & Kitchen,16,1442.85,23085.59,241.81,False
2026-09-19,North,Beauty,24,678.04,16272.94,273.81,False
2026-09-19,North,Sports,10,1009.96,10099.57,326.38,False
2026-09-19,South,Electronics,17,3309.34,56258.83,537.34,False
2026-09-19,South,Apparel,17,875.21,14878.53,311.17,False
2026-09-19,South,Home & Kitchen,14,1518.69,21261.6,283.02,False
2026-09-19,South,Beauty,15,635.92,9538.75,183.83,False
2026-09-19,South,Sports,16,1074.55,17192.85,328.75,False
2026-09-19,East,Electronics,14,3270.92,45792.88,413.33,False
2026-09-19,East,Apparel,17,944.25,16052.29,267.57,False
2026-09-19,East,Home & Kitchen,14,1653.1,23143.37,235.28,False
2026-09-19,East,Beauty,20,656.96,13139.16,288.62,False
2026-09-19,East,Sports,17,1085.28,18449.68,278.71,False
2026-09-19,West,Electronics,21,3349.96,70349.06,428.2,False
2026-09-19,West,Apparel,26,951.93,24750.21,247.84,False
2026-09-19,West,Home & Kitchen,7,1491.23,10438.63,217.39,False
2026-09-19,West,Beauty,21,652.97,13712.43,322.63,False
2026-09-19,West,Sports,13,1072.31,13940.01,134.99,False
2026-09-20,North,Electronics,19,3202.15,60840.77,559.75,False
2026-09-20,North,Apparel,28,861.76,24129.4,299.51,False
2026-09-20,North,Home & Kitchen,11,1569.13,17260.46,274.08,False
2026-09-20,North,Beauty,16,657.33,10517.34,333.16,False
2026-09-20,North,Sports,21,1042.27,21887.71,375.39,False
2026-09-20,South,Electronics,16,3201.42,51222.78,356.84,False
2026-09-20,South,Apparel,21,933.05,19594.06,359.7,False
2026-09-20,South,Home & Kitchen,9,1410.16,12691.43,335.44,False
2026-09-20,South,Beauty,25,705.07,17626.84,198.45,False
2026-09-20,South,Sports,11,1107.59,12183.49,300.8,False
2026-09-20,East,Electronics,24,3068.9,73653.58,478.38,False
2026-09-20,East,Apparel,25,931.46,23286.39,296.43,False
2026-09-20,East,Home & Kitchen,21,1498.55,31469.51,266.23,False
2026-09-20,East,Beauty,17,628.87,10690.77,345.54,False
2026-09-20,East,Sports,8,1039.16,8313.28,337.29,False
2026-09-20,West,Electronics,12,3150.47,37805.63,464.17,False
2026-09-20,West,Apparel,25,852.4,21310.08,347.76,False
2026-09-20,West,Home & Kitchen,8,1455.42,11643.4,344.48,False
2026-09-20,West,Beauty,16,620.66,9930.57,147.81,False
2026-09-20,West,Sports,15,1092.87,16392.98,198.51,False
2026-09-21,North,Electronics,16,3113.94,49823.08,507.07,False
2026-09-21,North,Apparel,22,887.32,19520.98,204.14,False
2026-09-21,North,Home & Kitchen,11,1382.74,15210.18,404.16,False
2026-09-21,North,Beauty,25,673.35,16833.81,256.28,False
2026-09-21,North,Sports,12,1076.2,12914.41,320.69,False
2026-09-21,South,Electronics,10,3295.44,32954.4,512.03,False
2026-09-21,South,Apparel,23,921.57,21196.12,302.53,False
2026-09-21,South,Home & Kitchen,9,1414.33,12728.97,398.64,False
2026-09-21,South,Beauty,12,639.73,7676.75,199.98,False
2026-09-21,South,Sports,12,1170.06,14040.69,304.54,False
2026-09-21,East,Electronics,16,3284.32,52549.06,594.73,False
2026-09-21,East,Apparel,23,917.61,21104.99,235.89,False
2026-09-21,East,Home & Kitchen,17,1448.81,24629.74,321.48,False
2026-09-21,East,Beauty,15,648.22,9723.25,294.6,False
2026-09-21,East,Sports,16,1113.93,17822.87,215.44,False
2026-09-21,West,Electronics,19,3461.18,65762.48,420.79,False
2026-09-21,West,Apparel,30,912.01,27360.29,374.18,False
2026-09-21,West,Home & Kitchen,13,1511.64,19651.33,188.15,False
2026-09-21,West,Beauty,14,645.15,9032.16,198.88,False
2026-09-21,West,Sports,10,1106.52,11065.25,226.41,False
2026-09-22,North,Electronics,17,3399.65,57793.97,453.63,False
2026-09-22,North,Apparel,27,926.86,25025.21,270.4,False
2026-09-22,North,Home & Kitchen,10,1556.7,15566.97,354.92,False
2026-09-22,North,Beauty,14,663.7,9291.78,318.23,False
2026-09-22,North,Sports,8,1094.22,8753.79,216.97,False
2026-09-22,South,Electronics,19,3139.32,59647.03,507.64,False
2026-09-22,South,Apparel,21,881.2,18505.28,321.87,False
2026-09-22,South,Home & Kitchen,18,1522.46,27404.26,352.93,False
2026-09-22,South,Beauty,14,641.79,8985.1,306.95,False
2026-09-22,South,Sports,15,1171.77,17576.49,342.51,False
2026-09-22,East,Electronics,14,3473.88,48634.31,447.88,False
2026-09-22,East,Apparel,17,922.22,15677.69,448.81,False
2026-09-22,East,Home & Kitchen,18,1573.45,28322.06,228.25,False
2026-09-22,East,Beauty,15,676.94,10154.04,336.86,False
2026-09-22,East,Sports,9,1153.46,10381.14,541.55,False
2026-09-22,West,Electronics,15,3033.87,45508.1,461.75,False
2026-09-22,West,Apparel,24,899.42,21586.11,406.68,False
2026-09-22,West,Home & Kitchen,15,1427.5,21412.55,380.24,False
2026-09-22,West,Beauty,21,668.52,14038.99,361.54,False
2026-09-22,West,Sports,16,1077.31,17236.91,250.07,False
2026-09-23,North,Electronics,11,3269.38,35963.21,433.31,False
2026-09-23,North,Apparel,18,909.09,16363.63,355.35,False
2026-09-23,North,Home & Kitchen,17,1575.09,26776.49,379.23,False
2026-09-23,North,Beauty,21,628.77,13204.18,287.4,False
2026-09-23,North,Sports,5,1128.37,5641.84,338.96,False
2026-09-23,South,Electronics,17,3258.15,55388.56,590.59,False
2026-09-23,South,Apparel,14,917.17,12840.45,358.8,False
2026-09-23,South,Home & Kitchen,15,1497.66,22464.92,285.38,False
2026-09-23,South,Beauty,19,659.09,12522.77,238.88,False
2026-09-23,South,Sports,10,1098.61,10986.12,231.96,False
2026-09-23,East,Electronics,9,3112.06,28008.58,456.83,False
2026-09-23,East,Apparel,19,917.47,17431.88,225.73,False
2026-09-23,East,Home & Kitchen,16,1488.27,23812.33,410.19,False
2026-09-23,East,Beauty,17,660.87,11234.84,332.74,False
2026-09-23,East,Sports,11,1129.07,12419.81,312.0,False
2026-09-23,West,Electronics,15,3271.89,49078.35,466.48,False
2026-09-23,West,Apparel,22,905.89,19929.54,222.41,False
2026-09-23,West,Home & Kitchen,17,1522.09,25875.45,197.86,False
2026-09-23,West,Beauty,22,620.79,13657.29,304.55,False
2026-09-23,West,Sports,13,1100.02,14300.3,290.9,False
2026-09-24,North,Electronics,12,3034.99,36419.86,524.5,False
2026-09-24,North,Apparel,27,930.12,25113.33,331.5,False
2026-09-24,North,Home & Kitchen,22,1554.36,34195.93,274.75,False
2026-09-24,North,Beauty,18,661.76,11911.64,294.15,False
2026-09-24,North,Sports,12,1092.8,13113.63,282.23,False
2026-09-24,South,Electronics,9,3049.14,27442.26,440.06,False
2026-09-24,South,Apparel,18,905.49,16298.77,275.3,False
2026-09-24,South,Home & Kitchen,13,1443.4,18764.14,231.79,False
2026-09-24,South,Beauty,9,632.59,5693.35,289.99,False
2026-09-24,South,Sports,15,1084.95,16274.18,340.0,False
2026-09-24,East,Electronics,11,3344.76,36792.36,481.58,False
2026-09-24,East,Apparel,25,925.63,23140.76,324.41,False
2026-09-24,East,Home & Kitchen,12,1477.57,17730.86,289.21,False
2026-09-24,East,Beauty,19,633.08,12028.54,328.14,False
2026-09-24,East,Sports,10,1126.69,11266.9,247.56,False
2026-09-24,West,Electronics,19,3342.34,63504.42,464.09,False
2026-09-24,West,Apparel,19,849.71,16144.47,331.15,False
2026-09-24,West,Home & Kitchen,18,1469.57,26452.23,300.5,False
2026-09-24,West,Beauty,28,674.1,18874.82,251.58,False
2026-09-24,West,Sports,7,1121.1,7847.72,153.95,False
2026-09-25,North,Electronics,14,2962.51,41475.21,540.48,False
2026-09-25,North,Apparel,24,891.49,21395.84,286.87,False
2026-09-25,North,Home & Kitchen,19,1634.73,31059.95,434.28,False
2026-09-25,North,Beauty,26,647.8,16842.85,369.99,False
2026-09-25,North,Sports,10,1074.21,10742.07,190.73,False
2026-09-25,South,Electronics,15,3236.71,48550.72,449.38,False
2026-09-25,South,Apparel,22,887.98,19535.63,350.29,False
2026-09-25,South,Home & Kitchen,14,1356.74,18994.38,168.94,False
2026-09-25,South,Beauty,20,652.41,13048.22,250.57,False
2026-09-25,South,Sports,13,1140.47,14826.13,192.48,False
2026-09-25,East,Electronics,14,3446.19,48246.61,382.4,False
2026-09-25,East,Apparel,14,871.74,12204.35,287.23,False
2026-09-25,East,Home & Kitchen,12,1593.95,19127.35,326.91,False
2026-09-25,East,Beauty,9,630.75,5676.72,286.46,False
2026-09-25,East,Sports,9,1083.02,9747.19,259.69,False
2026-09-25,West,Electronics,17,3348.36,56922.19,476.44,False
2026-09-25,West,Apparel,17,926.78,15755.27,306.6,False
2026-09-25,West,Home & Kitchen,6,1494.74,8968.43,347.37,False
2026-09-25,West,Beauty,20,626.22,12524.31,339.32,False
2026-09-25,West,Sports,12,1092.16,13105.91,361.4,False
2026-09-26,North,Electronics,8,3152.13,25217.01,513.95,False
2026-09-26,North,Apparel,30,919.12,27573.67,302.78,False
2026-09-26,North,Home & Kitchen,16,1572.1,25153.66,304.76,False
2026-09-26,North,Beauty,18,645.5,11619.05,318.56,False
2026-09-26,North,Sports,10,1096.09,10960.94,240.78,False
2026-09-26,South,Electronics,12,3233.76,38805.12,542.53,False
2026-09-26,South,Apparel,15,972.35,14585.3,363.94,False
2026-09-26,South,Home & Kitchen,13,1530.29,19893.75,283.3,False
2026-09-26,South,Beauty,25,660.03,16500.78,268.0,False
2026-09-26,South,Sports,13,1088.9,14155.75,342.9,False
2026-09-26,East,Electronics,12,3271.81,39261.75,524.31,False
2026-09-26,East,Apparel,25,954.08,23852.12,312.31,False
2026-09-26,East,Home & Kitchen,15,1622.64,24339.56,222.76,False
2026-09-26,East,Beauty,13,652.49,8482.41,311.66,False
2026-09-26,East,Sports,15,1156.2,17342.99,292.94,False
2026-09-26,West,Electronics,18,3462.91,62332.42,527.49,False
2026-09-26,West,Apparel,18,891.2,16041.67,359.08,False
2026-09-26,West,Home & Kitchen,13,1548.31,20128.09,302.11,False
2026-09-26,West,Beauty,9,612.35,5511.13,232.39,False
2026-09-26,West,Sports,8,1035.34,8282.76,297.76,False
2026-09-27,North,Electronics,17,3200.42,54407.15,505.77,False
2026-09-27,North,Apparel,22,884.1,19450.27,393.06,False
2026-09-27,North,Home & Kitchen,15,1648.53,24727.88,288.31,False
2026-09-27,North,Beauty,16,669.02,10704.26,317.37,False
2026-09-27,North,Sports,14,1074.66,15045.19,319.53,False
2026-09-27,South,Electronics,18,3238.9,58300.23,551.35,False
2026-09-27,South,Apparel,22,872.25,19189.47,270.98,False
2026-09-27,South,Home & Kitchen,17,1609.4,27359.83,312.41,False
2026-09-27,South,Beauty,13,674.51,8768.58,381.47,False
2026-09-27,South,Sports,6,1140.26,6841.58,292.23,False
2026-09-27,East,Electronics,15,3341.24,50118.63,473.02,False
2026-09-27,East,Apparel,15,867.76,13016.44,307.45,False
2026-09-27,East,Home & Kitchen,17,1457.04,24769.71,236.1,False
2026-09-27,East,Beauty,15,660.89,9913.42,191.84,False
2026-09-27,East,Sports,9,1173.63,10562.68,191.65,False
2026-09-27,West,Electronics,20,3047.28,60945.57,493.19,False
2026-09-27,West,Apparel,31,874.25,27101.9,342.3,False
2026-09-27,West,Home & Kitchen,16,1450.57,23209.06,304.7,False
2026-09-27,West,Beauty,19,645.46,12263.69,301.34,False
2026-09-27,West,Sports,9,1087.49,9787.4,324.1,False
2026-09-28,North,Electronics,12,3135.57,37626.85,469.95,False
2026-09-28,North,Apparel,28,888.18,24868.93,292.03,False
2026-09-28,North,Home & Kitchen,17,1578.54,26835.24,288.74,False
2026-09-28,North,Beauty,26,669.95,17418.72,265.65,False
2026-09-28,North,Sports,11,1161.62,12777.83,310.86,False
2026-09-28,South,Electronics,16,3334.12,53346.0,460.87,False
2026-09-28,South,Apparel,13,923.81,12009.58,315.04,False
2026-09-28,South,Home & Kitchen,12,1603.9,19246.79,264.97,False
2026-09-28,South,Beauty,10,664.46,6644.61,272.62,False
2026-09-28,South,Sports,9,1130.12,10171.06,277.91,False
2026-09-28,East,Electronics,13,3277.11,42602.43,536.28,False
2026-09-28,East,Apparel,26,891.34,23174.89,331.07,False
2026-09-28,East,Home & Kitchen,10,1545.04,15450.42,304.86,False
2026-09-28,East,Beauty,18,575.89,10366.05,280.41,False
2026-09-28,East,Sports,11,1106.73,12173.99,341.75,False
2026-09-28,West,Electronics,18,3491.89,62854.08,513.95,False
2026-09-28,West,Apparel,15,886.58,13298.72,335.53,False
2026-09-28,West,Home & Kitchen,9,1490.34,13413.04,273.11,False
2026-09-28,West,Beauty,16,680.33,10885.29,280.14,False
2026-09-28,West,Sports,14,1038.91,14544.76,227.17,False
2026-09-29,North,Electronics,15,3122.93,46843.89,471.4,False
2026-09-29,North,Apparel,18,882.81,15890.5,267.99,False
2026-09-29,North,Home & Kitchen,15,1570.65,23559.72,305.46,False
2026-09-29,North,Beauty,15,634.78,9521.77,385.2,False
2026-09-29,North,Sports,19,1034.06,19647.21,437.37,False
2026-09-29,South,Electronics,11,3322.38,36546.23,542.14,False
2026-09-29,South,Apparel,30,911.47,27343.95,228.85,False
2026-09-29,South,Home & Kitchen,18,1557.33,28031.99,316.86,False
2026-09-29,South,Beauty,18,627.43,11293.67,347.43,False
2026-09-29,South,Sports,11,1003.63,11039.93,190.57,False
2026-09-29,East,Electronics,13,3110.57,40437.46,551.83,False
2026-09-29,East,Apparel,15,943.73,14155.93,279.24,False
2026-09-29,East,Home & Kitchen,12,1502.73,18032.8,365.47,False
2026-09-29,East,Beauty,8,657.11,5256.91,326.09,False
2026-09-29,East,Sports,15,1099.93,16498.89,273.44,False
2026-09-29,West,Electronics,16,3008.45,48135.15,399.23,False
2026-09-29,West,Apparel,26,858.55,22322.19,318.01,False
2026-09-29,West,Home & Kitchen,12,1526.3,18315.65,309.5,False
2026-09-29,West,Beauty,16,661.05,10576.84,398.42,False
2026-09-29,West,Sports,12,1166.87,14002.5,360.77,False
2026-09-30,North,Electronics,3,3376.72,10130.16,572.68,False
2026-09-30,North,Apparel,22,887.43,19523.41,346.03,False
2026-09-30,North,Home & Kitchen,17,1484.2,25231.36,321.06,False
2026-09-30,North,Beauty,21,698.97,14678.4,325.33,False
2026-09-30,North,Sports,10,1080.24,10802.41,294.69,False
2026-09-30,South,Electronics,17,3009.42,51160.09,544.87,False
2026-09-30,South,Apparel,26,896.38,23306.0,345.69,False
2026-09-30,South,Home & Kitchen,12,1541.1,18493.16,199.56,False
2026-09-30,South,Beauty,10,687.21,6872.12,230.57,False
2026-09-30,South,Sports,11,993.2,10925.18,323.45,False
2026-09-30,East,Electronics,20,3132.76,62655.21,616.03,False
2026-09-30,East,Apparel,21,933.93,19612.57,274.13,False
2026-09-30,East,Home & Kitchen,10,1527.66,15276.63,277.09,False
2026-09-30,East,Beauty,18,649.36,11688.56,383.84,False
2026-09-30,East,Sports,12,1077.43,12929.17,386.78,False
2026-09-30,West,Electronics,14,3270.37,45785.21,492.73,False
2026-09-30,West,Apparel,14,851.41,11919.8,272.01,False
2026-09-30,West,Home & Kitchen,12,1495.71,17948.54,239.07,False
2026-09-30,West,Beauty,14,696.66,9753.22,290.4,False
2026-09-30,West,Sports,9,1131.68,10185.14,225.74,False
2026-10-01,North,Electronics,17,3362.47,57162.05,553.4,False
2026-10-01,North,Apparel,26,868.94,22592.54,426.6,False
2026-10-01,North,Home & Kitchen,13,1533.91,19940.8,397.5,False
2026-10-01,North,Beauty,12,598.11,7177.31,270.03,False
2026-10-01,North,Sports,15,1122.62,16839.26,363.71,False
2026-10-01,South,Electronics,10,3268.84,32688.37,487.07,False
2026-10-01,South,Apparel,12,922.07,11064.86,353.64,False
2026-10-01,South,Home & Kitchen,11,1471.04,16181.39,282.32,False
2026-10-01,South,Beauty,12,641.45,7697.42,396.83,False
2026-10-01,South,Sports,10,1001.97,10019.71,277.92,False
2026-10-01,East,Electronics,13,3366.18,43760.38,557.25,False
2026-10-01,East,Apparel,21,918.33,19284.84,199.73,False
2026-10-01,East,Home & Kitchen,7,1562.28,10935.96,289.19,False
2026-10-01,East,Beauty,18,659.47,11870.37,295.03,False
2026-10-01,East,Sports,10,1087.02,10870.16,321.57,False
2026-10-01,West,Electronics,9,3029.67,27267.0,495.77,False
2026-10-01,West,Apparel,23,907.47,20871.73,179.32,False
2026-10-01,West,Home & Kitchen,11,1511.65,16628.13,170.76,False
2026-10-01,West,Beauty,12,683.38,8200.53,260.69,False
2026-10-01,West,Sports,11,1051.73,11569.02,344.2,False
2026-10-02,North,Electronics,13,3382.5,43972.52,500.43,False
2026-10-02,North,Apparel,20,842.33,16846.57,386.23,False
2026-10-02,North,Home & Kitchen,11,1432.91,15762.02,306.05,False
2026-10-02,North,Beauty,15,623.24,9348.62,277.75,False
2026-10-02,North,Sports,13,1103.15,14340.97,262.34,False
2026-10-02,South,Electronics,17,3223.72,54803.19,627.9,False
2026-10-02,South,Apparel,16,861.43,13782.94,331.51,False
2026-10-02,South,Home & Kitchen,20,1541.31,30826.22,302.99,False
2026-10-02,South,Beauty,14,680.61,9528.52,345.86,False
2026-10-02,South,Sports,13,1067.65,13879.47,222.21,False
2026-10-02,East,Electronics,14,3140.71,43970.0,619.1,False
2026-10-02,East,Apparel,28,945.99,26487.8,325.71,False
2026-10-02,East,Home & Kitchen,16,1555.08,24881.36,354.28,False
2026-10-02,East,Beauty,16,581.06,9297.03,329.52,False
2026-10-02,East,Sports,14,1081.07,15135.0,235.55,False
2026-10-02,West,Electronics,14,3112.6,43576.35,455.74,False
2026-10-02,West,Apparel,16,967.47,15479.5,276.35,False
2026-10-02,West,Home & Kitchen,15,1464.62,21969.36,197.74,False
2026-10-02,West,Beauty,14,654.78,9166.87,364.57,False
2026-10-02,West,Sports,9,1147.33,10326.0,273.19,False
2026-10-03,North,Electronics,14,3258.61,45620.56,454.39,False
2026-10-03,North,Apparel,31,915.14,28369.26,330.92,False
2026-10-03,North,Home & Kitchen,17,1492.95,25380.08,332.68,False
2026-10-03,North,Beauty,19,642.12,12200.22,356.0,False
2026-10-03,North,Sports,13,1096.91,14259.88,250.71,False
2026-10-03,South,Electronics,17,3117.16,52991.74,528.22,False
2026-10-03,South,Apparel,23,879.95,20238.79,298.03,False
2026-10-03,South,Home & Kitchen,17,1505.55,25594.34,251.16,False
2026-10-03,South,Beauty,16,623.45,9975.16,289.32,False
2026-10-03,South,Sports,14,1055.59,14778.28,188.88,False
2026-10-03,East,Electronics,18,2970.6,53470.83,522.14,False
2026-10-03,East,Apparel,24,885.0,21240.0,243.39,False
2026-10-03,East,Home & Kitchen,15,1505.75,22586.23,289.19,False
2026-10-03,East,Beauty,21,662.24,13907.09,312.05,False
2026-10-03,East,Sports,16,1072.53,17160.44,376.89,False
2026-10-03,West,Electronics,19,3357.87,63799.55,482.42,False
2026-10-03,West,Apparel,23,868.42,19973.62,277.55,False
2026-10-03,West,Home & Kitchen,15,1436.52,21547.76,291.64,False
2026-10-03,West,Beauty,16,648.39,10374.29,371.45,False
2026-10-03,West,Sports,13,1026.62,13346.06,272.78,False
2026-10-04,North,Electronics,18,3101.02,55818.33,446.61,False
2026-10-04,North,Apparel,27,890.33,24038.94,352.58,False
2026-10-04,North,Home & Kitchen,17,1421.93,24172.89,300.6,False
2026-10-04,North,Beauty,22,613.81,13503.72,398.4,False
2026-10-04,North,Sports,16,1111.3,17780.76,242.38,False
2026-10-04,South,Electronics,7,3079.36,21555.49,568.77,False
2026-10-04,South,Apparel,23,898.35,20662.01,260.34,False
2026-10-04,South,Home & Kitchen,15,1415.28,21229.16,425.61,False
2026-10-04,South,Beauty,18,653.9,11770.12,269.78,False
2026-10-04,South,Sports,9,1109.17,9982.53,244.79,False
2026-10-04,East,Electronics,19,3052.8,58003.26,474.79,False
2026-10-04,East,Apparel,24,971.08,23305.83,167.37,False
2026-10-04,East,Home & Kitchen,21,1548.94,32527.74,342.99,False
2026-10-04,East,Beauty,19,630.65,11982.43,336.82,False
2026-10-04,East,Sports,16,1089.77,17436.3,290.45,False
2026-10-04,West,Electronics,14,3280.61,45928.57,540.4,False
2026-10-04,West,Apparel,28,897.72,25136.21,348.46,False
2026-10-04,West,Home & Kitchen,16,1584.98,25359.62,215.32,False
2026-10-04,West,Beauty,33,597.24,19708.98,296.47,False
2026-10-04,West,Sports,15,1096.76,16451.34,288.25,False
2026-10-05,North,Electronics,20,2983.97,59679.46,489.67,False
2026-10-05,North,Apparel,13,918.99,11946.85,193.34,False
2026-10-05,North,Home & Kitchen,15,1497.37,22460.54,237.91,False
2026-10-05,North,Beauty,18,632.16,11378.91,311.99,False
2026-10-05,North,Sports,13,1050.71,13659.25,320.97,False
2026-10-05,South,Electronics,10,3082.24,30822.41,534.48,False
2026-10-05,South,Apparel,25,913.87,22846.78,296.04,False
2026-10-05,South,Home & Kitchen,17,1492.23,25367.88,290.78,False
2026-10-05,South,Beauty,9,651.94,5867.5,251.84,False
2026-10-05,South,Sports,14,1115.69,15619.63,188.26,False
2026-10-05,East,Electronics,11,3095.47,34050.13,509.29,False
2026-10-05,East,Apparel,14,868.35,12156.93,275.42,False
2026-10-05,East,Home & Kitchen,13,1460.36,18984.74,271.77,False
2026-10-05,East,Beauty,11,650.18,7152.03,283.31,False
2026-10-05,East,Sports,10,1118.27,11182.71,277.04,False
2026-10-05,West,Electronics,17,3144.09,53449.58,480.8,False
2026-10-05,West,Apparel,25,881.8,22044.95,278.67,False
2026-10-05,West,Home & Kitchen,15,1460.24,21903.65,175.88,False
2026-10-05,West,Beauty,9,684.75,6162.73,259.09,False
2026-10-05,West,Sports,15,1091.66,16374.94,284.37,False
2026-10-06,North,Electronics,10,3250.85,32508.54,459.39,False
2026-10-06,North,Apparel,23,909.04,20908.01,352.16,False
2026-10-06,North,Home & Kitchen,15,1506.52,22597.83,353.84,False
2026-10-06,North,Beauty,19,631.96,12007.28,323.13,False
2026-10-06,North,Sports,10,1217.87,12178.66,207.66,False
2026-10-06,South,Electronics,21,3216.79,67552.65,654.12,False
2026-10-06,South,Apparel,20,880.76,17615.14,339.24,False
2026-10-06,South,Home & Kitchen,14,1591.1,22275.35,208.21,False
2026-10-06,South,Beauty,24,634.75,15234.11,208.9,False
2026-10-06,South,Sports,8,1085.66,8685.31,286.38,False
2026-10-06,East,Electronics,14,3198.88,44784.32,430.4,False
2026-10-06,East,Apparel,19,865.06,16436.16,275.14,False
2026-10-06,East,Home & Kitchen,16,1453.02,23248.34,246.37,False
2026-10-06,East,Beauty,15,655.59,9833.8,294.02,False
2026-10-06,East,Sports,14,1043.75,14612.5,378.41,False
2026-10-06,West,Electronics,21,3094.36,64981.62,446.85,False
2026-10-06,West,Apparel,22,974.92,21448.28,375.02,False
2026-10-06,West,Home & Kitchen,15,1474.64,22119.61,335.87,False
2026-10-06,West,Beauty,15,653.3,9799.56,404.42,False
2026-10-06,West,Sports,15,1091.81,16377.14,215.63,False
2026-10-07,North,Electronics,11,3283.67,36120.35,437.7,False
2026-10-07,North,Apparel,19,875.81,16640.34,283.91,False
2026-10-07,North,Home & Kitchen,9,1654.44,14889.97,346.68,False
2026-10-07,North,Beauty,14,648.89,9084.48,307.8,False
2026-10-07,North,Sports,16,1058.05,16928.77,242.5,False
2026-10-07,South,Electronics,12,3293.31,39519.77,499.14,False
2026-10-07,South,Apparel,19,839.33,15947.36,341.6,False
2026-10-07,South,Home & Kitchen,10,1426.72,14267.24,409.54,False
2026-10-07,South,Beauty,12,642.59,7711.07,289.22,False
2026-10-07,South,Sports,5,1079.96,5399.79,130.23,False
2026-10-07,East,Electronics,16,3212.79,51404.65,475.83,False
2026-10-07,East,Apparel,22,916.67,20166.82,338.35,False
2026-10-07,East,Home & Kitchen,17,1513.96,25737.37,207.47,False
2026-10-07,East,Beauty,15,644.28,9664.17,289.49,False
2026-10-07,East,Sports,8,1072.39,8579.1,300.04,False
2026-10-07,West,Electronics,17,3326.11,56543.91,561.57,False
2026-10-07,West,Apparel,26,883.3,22965.69,335.95,False
2026-10-07,West,Home & Kitchen,8,1472.06,11776.48,275.06,False
2026-10-07,West,Beauty,22,646.33,14219.37,275.1,False
2026-10-07,West,Sports,8,1091.98,8735.81,376.27,False
2026-10-08,North,Electronics,13,3166.96,41170.52,374.54,False
2026-10-08,North,Apparel,15,891.1,13366.44,355.35,False
2026-10-08,North,Home & Kitchen,14,1471.47,20600.57,357.35,False
2026-10-08,North,Beauty,16,690.08,11041.23,277.91,False
2026-10-08,North,Sports,13,1052.44,13681.74,345.16,False
2026-10-08,South,Electronics,6,3212.97,19277.81,564.31,False
2026-10-08,South,Apparel,17,918.33,15611.67,260.24,False
2026-10-08,South,Home & Kitchen,8,1498.24,11985.94,275.56,False
2026-10-08,South,Beauty,22,605.61,13323.34,297.46,False
2026-10-08,South,Sports,10,1041.61,10416.09,339.82,False
2026-10-08,East,Electronics,15,3279.34,49190.12,513.73,False
2026-10-08,East,Apparel,16,880.11,14081.76,312.69,False
2026-10-08,East,Home & Kitchen,11,1494.16,16435.76,356.1,False
2026-10-08,East,Beauty,14,681.26,9537.71,412.2,False
2026-10-08,East,Sports,12,1107.43,13289.2,300.17,False
2026-10-08,West,Electronics,11,3099.86,34098.44,469.09,False
2026-10-08,West,Apparel,12,900.41,10804.92,278.38,False
2026-10-08,West,Home & Kitchen,15,1409.82,21147.32,222.74,False
2026-10-08,West,Beauty,13,692.1,8997.3,344.27,False
2026-10-08,West,Sports,12,1105.8,13269.56,283.52,False
2026-10-09,North,Electronics,15,3234.71,48520.64,453.53,False
2026-10-09,North,Apparel,17,838.82,14259.92,299.75,False
2026-10-09,North,Home & Kitchen,14,1466.73,20534.27,325.47,False
2026-10-09,North,Beauty,14,685.61,9598.54,289.95,False
2026-10-09,North,Sports,15,1150.36,17255.4,254.69,False
2026-10-09,South,Electronics,14,2938.41,41137.76,481.93,False
2026-10-09,South,Apparel,15,937.52,14062.87,337.22,False
2026-10-09,South,Home & Kitchen,13,1557.41,20246.3,296.31,False
2026-10-09,South,Beauty,15,649.16,9737.34,332.55,False
2026-10-09,South,Sports,9,1136.93,10232.4,193.52,False
2026-10-09,East,Electronics,15,3206.66,48099.87,580.64,False
2026-10-09,East,Apparel,25,929.17,23229.29,267.77,False
2026-10-09,East,Home & Kitchen,15,1573.83,23607.5,224.2,False
2026-10-09,East,Beauty,15,652.26,9783.93,226.85,False
2026-10-09,East,Sports,9,1078.21,9703.85,270.33,False
2026-10-09,West,Electronics,18,3344.18,60195.31,427.93,False
2026-10-09,West,Apparel,24,932.46,22379.07,201.89,False
2026-10-09,West,Home & Kitchen,8,1526.7,12213.6,284.34,False
2026-10-09,West,Beauty,15,663.33,9949.94,361.92,False
2026-10-09,West,Sports,10,1148.5,11484.95,355.47,False
2026-10-10,North,Electronics,14,2875.35,40254.83,524.78,False
2026-10-10,North,Apparel,27,942.58,25449.61,271.54,False
2026-10-10,North,Home & Kitchen,12,1514.51,18174.17,231.16,False
2026-10-10,North,Beauty,15,602.42,9036.33,292.68,False
2026-10-10,North,Sports,4,1071.42,4285.69,413.14,False
2026-10-10,South,Electronics,17,3225.25,54829.18,560.17,False
2026-10-10,South,Apparel,17,926.5,15750.42,190.52,False
2026-10-10,South,Home & Kitchen,10,1488.14,14881.4,334.79,False
2026-10-10,South,Beauty,23,617.61,14205.13,299.36,False
2026-10-10,South,Sports,13,1017.36,13225.62,320.9,False
2026-10-10,East,Electronics,18,3314.55,59661.91,513.64,False
2026-10-10,East,Apparel,23,875.79,20143.26,209.92,False
2026-10-10,East,Home & Kitchen,13,1533.62,19937.03,326.44,False
2026-10-10,East,Beauty,21,642.89,13500.73,235.62,False
2026-10-10,East,Sports,11,1062.81,11690.94,305.34,False
2026-10-10,West,Electronics,16,3027.74,48443.81,492.49,False
2026-10-10,West,Apparel,25,887.5,22187.62,350.69,False
2026-10-10,West,Home & Kitchen,22,1474.18,32431.98,215.94,False
2026-10-10,West,Beauty,13,651.92,8474.95,333.54,False
2026-10-10,West,Sports,16,1024.28,16388.55,332.38,False
2026-10-11,North,Electronics,12,3368.5,40422.05,488.73,False
2026-10-11,North,Apparel,20,912.55,18251.07,281.07,False
2026-10-11,North,Home & Kitchen,18,1529.85,27537.38,279.22,False
2026-10-11,North,Beauty,19,630.05,11970.94,312.86,False
2026-10-11,North,Sports,13,1103.57,14346.38,330.87,False
2026-10-11,South,Electronics,27,2946.92,79566.85,576.62,False
2026-10-11,South,Apparel,27,924.47,24960.75,270.72,False
2026-10-11,South,Home & Kitchen,11,1446.16,15907.71,390.48,False
2026-10-11,South,Beauty,23,633.4,14568.22,286.7,False
2026-10-11,South,Sports,11,1074.81,11822.91,386.09,False
2026-10-11,East,Electronics,12,3201.69,38420.27,516.99,False
2026-10-11,East,Apparel,20,921.89,18437.72,417.69,False
2026-10-11,East,Home & Kitchen,12,1591.65,19099.77,267.05,False
2026-10-11,East,Beauty,23,677.98,15593.55,321.66,False
2026-10-11,East,Sports,13,1036.27,13471.52,296.5,False
2026-10-11,West,Electronics,22,3168.67,69710.79,476.75,False
2026-10-11,West,Apparel,34,915.96,31142.61,325.97,False
2026-10-11,West,Home & Kitchen,17,1515.74,25767.64,269.64,False
2026-10-11,West,Beauty,18,701.76,12631.64,243.59,False
2026-10-11,West,Sports,16,1133.37,18133.88,278.74,False
2026-10-12,North,Electronics,15,3216.4,48245.96,407.73,False
2026-10-12,North,Apparel,15,928.32,13924.76,288.07,False
2026-10-12,North,Home & Kitchen,9,1451.46,13063.14,220.54,False
2026-10-12,North,Beauty,20,647.49,12949.81,172.04,False
2026-10-12,North,Sports,12,1080.14,12961.72,290.07,False
2026-10-12,South,Electronics,7,3330.78,23315.49,333.65,False
2026-10-12,South,Apparel,13,836.52,10874.71,300.43,False
2026-10-12,South,Home & Kitchen,17,1564.5,26596.43,294.76,False
2026-10-12,South,Beauty,19,643.34,12223.37,279.6,False
2026-10-12,South,Sports,7,1070.47,7493.3,298.76,False
2026-10-12,East,Electronics,15,3356.5,50347.57,441.82,False
2026-10-12,East,Apparel,23,949.43,21836.92,325.5,False
2026-10-12,East,Home & Kitchen,14,1541.78,21584.95,262.37,False
2026-10-12,East,Beauty,14,652.22,9131.03,367.48,False
2026-10-12,East,Sports,8,1139.56,9116.49,211.66,False
2026-10-12,West,Electronics,14,3208.4,44917.56,588.04,False
2026-10-12,West,Apparel,20,927.71,18554.17,351.95,False
2026-10-12,West,Home & Kitchen,12,1544.71,18536.55,251.17,False
2026-10-12,West,Beauty,15,644.85,9672.8,285.35,False
2026-10-12,West,Sports,10,1075.98,10759.81,374.91,False
2026-10-13,North,Electronics,25,2996.29,74907.21,457.18,False
2026-10-13,North,Apparel,20,921.58,18431.65,333.06,False
2026-10-13,North,Home & Kitchen,9,1402.83,12625.51,236.97,False
2026-10-13,North,Beauty,15,652.44,9786.53,375.16,False
2026-10-13,North,Sports,10,1194.22,11942.16,278.62,False
2026-10-13,South,Electronics,18,2964.66,53363.88,454.7,False
2026-10-13,South,Apparel,25,899.61,22490.28,360.22,False
2026-10-13,South,Home & Kitchen,10,1523.54,15235.4,320.62,False
2026-10-13,South,Beauty,12,626.66,7519.92,341.34,False
2026-10-13,South,Sports,7,1050.62,7354.32,149.34,False
2026-10-13,East,Electronics,16,3250.28,52004.49,508.11,False
2026-10-13,East,Apparel,24,879.67,21112.15,194.52,False
2026-10-13,East,Home & Kitchen,9,1394.6,12551.36,244.54,False
2026-10-13,East,Beauty,14,655.39,9175.47,269.81,False
2026-10-13,East,Sports,10,1146.74,11467.42,278.57,False
2026-10-13,West,Electronics,13,3173.0,41248.99,396.83,False
2026-10-13,West,Apparel,20,886.27,17725.47,336.27,False
2026-10-13,West,Home & Kitchen,12,1490.98,17891.77,256.57,False
2026-10-13,West,Beauty,18,671.43,12085.66,270.72,False
2026-10-13,West,Sports,11,1055.56,11611.15,278.0,False
2026-10-14,North,Electronics,11,2990.24,32892.6,419.54,False
2026-10-14,North,Apparel,25,944.39,23609.75,382.83,False
2026-10-14,North,Home & Kitchen,9,1547.68,13929.1,231.33,False
2026-10-14,North,Beauty,18,653.11,11755.99,314.89,False
2026-10-14,North,Sports,12,1108.58,13302.96,273.48,False
2026-10-14,South,Electronics,16,3174.86,50797.71,657.09,False
2026-10-14,South,Apparel,13,874.6,11369.84,361.2,False
2026-10-14,South,Home & Kitchen,12,1512.89,18154.72,362.05,False
2026-10-14,South,Beauty,7,647.02,4529.14,353.67,False
2026-10-14,South,Sports,11,1097.04,12067.39,296.42,False
2026-10-14,East,Electronics,14,3173.67,44431.36,471.87,False
2026-10-14,East,Apparel,15,882.01,13230.12,293.86,False
2026-10-14,East,Home & Kitchen,13,1428.99,18576.88,270.75,False
2026-10-14,East,Beauty,15,647.96,9719.33,299.45,False
2026-10-14,East,Sports,8,1081.84,8654.72,326.99,False
2026-10-14,West,Electronics,14,3193.0,44701.97,446.28,False
2026-10-14,West,Apparel,24,880.06,21121.34,155.18,False
2026-10-14,West,Home & Kitchen,7,1485.22,10396.52,398.45,False
2026-10-14,West,Beauty,13,645.67,8393.76,321.77,False
2026-10-14,West,Sports,7,1100.89,7706.24,189.77,False
2026-10-15,North,Electronics,22,3452.63,75957.83,500.45,False
2026-10-15,North,Apparel,35,888.2,31086.97,326.08,False
2026-10-15,North,Home & Kitchen,14,1401.86,19625.98,315.77,False
2026-10-15,North,Beauty,28,671.15,18792.08,360.77,False
2026-10-15,North,Sports,13,1108.59,14411.72,372.42,False
2026-10-15,South,Electronics,20,3184.8,63696.06,496.92,False
2026-10-15,South,Apparel,28,850.63,23817.53,340.31,False
2026-10-15,South,Home & Kitchen,15,1610.93,24163.9,360.6,False
2026-10-15,South,Beauty,23,645.72,14851.52,419.96,False
2026-10-15,South,Sports,5,1038.4,5191.98,334.01,False
2026-10-15,East,Electronics,22,3254.86,71606.9,483.86,False
2026-10-15,East,Apparel,32,878.1,28099.28,337.97,False
2026-10-15,East,Home & Kitchen,15,1468.06,22020.96,367.86,False
2026-10-15,East,Beauty,24,696.37,16712.89,255.68,False
2026-10-15,East,Sports,16,1145.96,18335.33,279.48,False
2026-10-15,West,Electronics,20,3146.9,62938.08,577.83,False
2026-10-15,West,Apparel,30,917.79,27533.76,281.45,False
2026-10-15,West,Home & Kitchen,21,1549.23,32533.74,359.81,False
2026-10-15,West,Beauty,28,665.19,18625.18,276.96,False
2026-10-15,West,Sports,14,1089.39,15251.52,339.73,False
2026-10-16,North,Electronics,25,3123.54,78088.5,478.53,False
2026-10-16,North,Apparel,29,884.53,25651.36,215.28,False
2026-10-16,North,Home & Kitchen,24,1567.62,37622.87,239.71,False
2026-10-16,North,Beauty,28,651.97,18255.16,340.19,False
2026-10-16,North,Sports,10,1084.67,10846.75,349.89,False
2026-10-16,South,Electronics,23,3048.26,70109.97,578.29,False
2026-10-16,South,Apparel,26,893.9,23241.51,349.87,False
2026-10-16,South,Home & Kitchen,17,1550.26,26354.42,308.39,False
2026-10-16,South,Beauty,13,660.67,8588.66,295.05,False
2026-10-16,South,Sports,12,1078.87,12946.41,395.53,False
2026-10-16,East,Electronics,32,3110.4,99532.89,441.47,False
2026-10-16,East,Apparel,32,905.16,28965.16,252.5,False
2026-10-16,East,Home & Kitchen,16,1467.81,23485.0,261.98,False
2026-10-16,East,Beauty,26,692.19,17997.04,186.33,False
2026-10-16,East,Sports,20,1106.41,22128.23,226.81,False
2026-10-16,West,Electronics,15,3197.95,47969.19,524.02,False
2026-10-16,West,Apparel,34,922.79,31374.82,316.47,False
2026-10-16,West,Home & Kitchen,19,1418.54,26952.23,205.98,False
2026-10-16,West,Beauty,25,632.47,15811.77,201.58,False
2026-10-16,West,Sports,16,1134.74,18155.85,354.64,False
2026-10-17,North,Electronics,30,3110.32,93309.55,532.22,False
2026-10-17,North,Apparel,29,861.66,24988.23,283.8,False
2026-10-17,North,Home & Kitchen,16,1477.52,23640.35,378.58,False
2026-10-17,North,Beauty,20,657.84,13156.87,267.86,False
2026-10-17,North,Sports,20,1152.51,23050.19,292.06,False
2026-10-17,South,Electronics,25,3429.77,85744.33,535.82,False
2026-10-17,South,Apparel,21,863.34,18130.22,254.04,False
2026-10-17,South,Home & Kitchen,19,1500.05,28500.88,361.23,False
2026-10-17,South,Beauty,22,632.55,13916.11,251.62,False
2026-10-17,South,Sports,19,1079.71,20514.51,337.2,False
2026-10-17,East,Electronics,28,3035.17,84984.76,452.51,False
2026-10-17,East,Apparel,26,873.93,22722.23,343.0,False
2026-10-17,East,Home & Kitchen,20,1451.03,29020.54,316.22,False
2026-10-17,East,Beauty,23,636.68,14643.58,355.5,False
2026-10-17,East,Sports,16,1077.72,17243.44,362.42,False
2026-10-17,West,Electronics,23,3239.69,74512.94,541.86,False
2026-10-17,West,Apparel,30,890.68,26720.51,317.65,False
2026-10-17,West,Home & Kitchen,21,1518.53,31889.15,272.23,False
2026-10-17,West,Beauty,29,657.9,19079.01,292.95,False
2026-10-17,West,Sports,17,1081.92,18392.69,325.41,False
2026-10-18,North,Electronics,21,3176.26,66701.43,535.25,False
2026-10-18,North,Apparel,33,833.97,27521.15,330.1,False
2026-10-18,North,Home & Kitchen,14,1483.33,20766.58,340.04,False
2026-10-18,North,Beauty,21,678.41,14246.64,376.13,False
2026-10-18,North,Sports,16,1121.76,17948.09,329.95,False
2026-10-18,South,Electronics,23,2941.08,67644.95,504.19,False
2026-10-18,South,Apparel,26,937.66,24379.09,309.13,False
2026-10-18,South,Home & Kitchen,22,1436.02,31592.44,327.5,False
2026-10-18,South,Beauty,25,612.51,15312.64,306.02,False
2026-10-18,South,Sports,14,1082.08,15149.18,403.48,False
2026-10-18,East,Electronics,23,3382.96,77808.13,446.58,False
2026-10-18,East,Apparel,24,875.38,21009.22,314.68,False
2026-10-18,East,Home & Kitchen,23,1530.96,35212.07,287.09,False
2026-10-18,East,Beauty,26,668.99,17393.65,237.53,False
2026-10-18,East,Sports,21,1123.99,23603.83,316.53,False
2026-10-18,West,Electronics,25,3081.63,77040.85,555.13,False
2026-10-18,West,Apparel,45,844.2,37989.12,265.81,False
2026-10-18,West,Home & Kitchen,23,1548.87,35624.02,160.14,False
2026-10-18,West,Beauty,31,695.31,21554.49,229.86,False
2026-10-18,West,Sports,11,1068.25,11750.8,277.59,False
2026-10-19,North,Electronics,22,3141.75,69118.43,576.57,False
2026-10-19,North,Apparel,27,904.07,24409.91,334.85,False
2026-10-19,North,Home & Kitchen,19,1592.08,30249.58,378.98,False
2026-10-19,North,Beauty,26,623.47,16210.33,280.4,False
2026-10-19,North,Sports,16,1121.77,17948.26,377.25,False
2026-10-19,South,Electronics,18,3277.02,58986.37,565.51,False
2026-10-19,South,Apparel,22,931.12,20484.61,358.39,False
2026-10-19,South,Home & Kitchen,15,1493.4,22400.98,284.83,False
2026-10-19,South,Beauty,16,641.63,10266.09,330.35,False
2026-10-19,South,Sports,13,1171.91,15234.81,357.97,False
2026-10-19,East,Electronics,23,3334.91,76703.0,528.59,False
2026-10-19,East,Apparel,22,1012.54,22275.93,300.99,False
2026-10-19,East,Home & Kitchen,8,1606.33,12850.61,350.87,False
2026-10-19,East,Beauty,21,682.6,14334.69,249.1,False
2026-10-19,East,Sports,17,1160.83,19734.07,319.13,False
2026-10-19,West,Electronics,18,2985.42,53737.54,360.74,False
2026-10-19,West,Apparel,19,890.59,16921.19,349.86,False
2026-10-19,West,Home & Kitchen,19,1518.13,28844.52,314.42,False
2026-10-19,West,Beauty,37,586.42,21697.46,264.82,False
2026-10-19,West,Sports,17,1148.58,19525.81,258.85,False
2026-10-20,North,Electronics,15,3290.24,49353.59,485.02,False
2026-10-20,North,Apparel,26,915.8,23810.88,357.79,False
2026-10-20,North,Home & Kitchen,17,1619.18,27525.99,300.4,False
2026-10-20,North,Beauty,31,667.94,20706.07,212.66,False
2026-10-20,North,Sports,14,1073.38,15027.34,375.03,False
2026-10-20,South,Electronics,22,3394.21,74672.62,498.35,False
2026-10-20,South,Apparel,36,904.19,32550.9,345.02,False
2026-10-20,South,Home & Kitchen,16,1559.67,24954.65,367.76,False
2026-10-20,South,Beauty,23,648.27,14910.1,310.82,False
2026-10-20,South,Sports,20,1115.1,22302.01,335.19,False
2026-10-20,East,Electronics,18,3247.75,58459.54,547.49,False
2026-10-20,East,Apparel,22,865.25,19035.52,251.32,False
2026-10-20,East,Home & Kitchen,13,1492.67,19404.66,232.58,False
2026-10-20,East,Beauty,17,568.89,9671.19,292.09,False
2026-10-20,East,Sports,15,1056.96,15854.37,308.99,False
2026-10-20,West,Electronics,19,3176.65,60356.26,515.16,False
2026-10-20,West,Apparel,35,901.3,31545.61,234.37,False
2026-10-20,West,Home & Kitchen,21,1538.95,32318.05,279.73,False
2026-10-20,West,Beauty,21,617.53,12968.14,399.62,False
2026-10-20,West,Sports,17,1147.91,19514.54,242.7,False
2026-10-21,North,Electronics,20,3214.79,64295.8,521.67,False
2026-10-21,North,Apparel,27,882.5,23827.45,320.97,False
2026-10-21,North,Home & Kitchen,14,1520.92,21292.92,338.53,False
2026-10-21,North,Beauty,21,674.23,14158.91,270.58,False
2026-10-21,North,Sports,14,1122.02,15708.33,385.87,False
2026-10-21,South,Electronics,29,2875.26,83382.41,475.98,False
2026-10-21,South,Apparel,27,903.24,24387.42,345.77,False
2026-10-21,South,Home & Kitchen,14,1503.85,21053.94,411.74,False
2026-10-21,South,Beauty,27,625.86,16898.29,237.94,False
2026-10-21,South,Sports,9,1075.56,9680.0,268.93,False
2026-10-21,East,Electronics,18,3038.15,54686.72,484.48,False
2026-10-21,East,Apparel,22,905.58,19922.8,314.39,False
2026-10-21,East,Home & Kitchen,15,1629.52,24442.76,427.23,False
2026-10-21,East,Beauty,28,622.46,17428.75,363.42,False
2026-10-21,East,Sports,7,1187.87,8315.07,299.37,False
2026-10-21,West,Electronics,23,3124.71,71868.29,563.55,False
2026-10-21,West,Apparel,34,860.81,29267.69,244.54,False
2026-10-21,West,Home & Kitchen,18,1486.0,26748.0,269.52,False
2026-10-21,West,Beauty,29,631.6,18316.44,272.49,False
2026-10-21,West,Sports,14,1063.82,14893.46,256.81,False
2026-10-22,North,Electronics,21,3239.3,68025.23,512.17,False
2026-10-22,North,Apparel,27,986.3,26630.0,295.57,False
2026-10-22,North,Home & Kitchen,17,1541.79,26210.51,307.11,False
2026-10-22,North,Beauty,23,620.38,14268.8,321.1,False
2026-10-22,North,Sports,15,1190.21,17853.2,233.38,False
2026-10-22,South,Electronics,15,3285.58,49283.73,387.79,False
2026-10-22,South,Apparel,30,892.24,26767.14,350.33,False
2026-10-22,South,Home & Kitchen,22,1471.72,32377.89,393.37,False
2026-10-22,South,Beauty,18,643.06,11575.01,285.89,False
2026-10-22,South,Sports,15,1070.18,16052.77,383.35,False
2026-10-22,East,Electronics,21,3217.99,67577.73,633.09,False
2026-10-22,East,Apparel,31,878.47,27232.43,284.44,False
2026-10-22,East,Home & Kitchen,22,1487.78,32731.09,353.28,False
2026-10-22,East,Beauty,25,668.43,16710.68,250.53,False
2026-10-22,East,Sports,14,1092.73,15298.28,179.51,False
2026-10-22,West,Electronics,25,3423.4,85585.1,534.07,False
2026-10-22,West,Apparel,43,895.43,38503.68,373.24,False
2026-10-22,West,Home & Kitchen,19,1480.28,28125.28,240.82,False
2026-10-22,West,Beauty,30,658.86,19765.68,275.23,False
2026-10-22,West,Sports,15,1160.82,17412.27,323.99,False
2026-10-23,North,Electronics,14,3012.28,42171.86,505.06,False
2026-10-23,North,Apparel,30,881.67,26450.07,329.5,False
2026-10-23,North,Home & Kitchen,11,1636.45,18000.96,286.02,False
2026-10-23,North,Beauty,17,675.92,11490.62,302.49,False
2026-10-23,North,Sports,16,1103.25,17651.95,350.75,False
2026-10-23,South,Electronics,22,3345.01,73590.23,461.53,False
2026-10-23,South,Apparel,24,902.5,21659.89,142.19,False
2026-10-23,South,Home & Kitchen,17,1597.58,27158.86,395.16,False
2026-10-23,South,Beauty,17,623.79,10604.46,260.55,False
2026-10-23,South,Sports,16,996.35,15941.66,361.81,False
2026-10-23,East,Electronics,20,3206.78,64135.51,375.42,False
2026-10-23,East,Apparel,18,893.49,16082.82,242.15,False
2026-10-23,East,Home & Kitchen,16,1612.46,25799.37,299.84,False
2026-10-23,East,Beauty,22,666.71,14667.55,405.58,False
2026-10-23,East,Sports,10,1123.72,11237.17,331.66,False
2026-10-23,West,Electronics,19,3170.11,60232.17,540.39,False
2026-10-23,West,Apparel,37,909.75,33660.72,340.29,False
2026-10-23,West,Home & Kitchen,12,1472.19,17666.24,272.65,False
2026-10-23,West,Beauty,19,660.87,12556.55,358.77,False
2026-10-23,West,Sports,11,1168.4,12852.41,290.13,False
2026-10-24,North,Electronics,16,3345.03,53520.45,570.31,False
2026-10-24,North,Apparel,34,868.59,29532.14,415.51,False
2026-10-24,North,Home & Kitchen,17,1585.43,26952.3,267.86,False
2026-10-24,North,Beauty,22,626.04,13772.91,334.91,False
2026-10-24,North,Sports,17,1067.34,18144.76,385.95,False
2026-10-24,South,Electronics,23,3064.46,70482.63,518.73,False
2026-10-24,South,Apparel,36,880.49,31697.77,291.09,False
2026-10-24,South,Home & Kitchen,23,1566.59,36031.57,316.32,False
2026-10-24,South,Beauty,25,654.32,16357.91,367.45,False
2026-10-24,South,Sports,11,1105.75,12163.22,345.8,False
2026-10-24,East,Electronics,18,3062.37,55122.59,496.25,False
2026-10-24,East,Apparel,38,868.9,33018.3,324.47,False
2026-10-24,East,Home & Kitchen,29,1481.35,42959.23,392.55,False
2026-10-24,East,Beauty,24,658.93,15814.26,365.2,False
2026-10-24,East,Sports,11,1081.36,11894.92,226.21,False
2026-10-24,West,Electronics,24,3117.08,74809.95,456.32,False
2026-10-24,West,Apparel,51,885.22,45146.21,277.61,False
2026-10-24,West,Home & Kitchen,15,1467.64,22014.59,313.82,False
2026-10-24,West,Beauty,36,697.82,25121.67,390.75,False
2026-10-24,West,Sports,17,1072.58,18233.94,301.07,False
2026-10-25,North,Electronics,31,3279.75,101672.4,492.73,False
2026-10-25,North,Apparel,38,931.69,35404.06,298.08,False
2026-10-25,North,Home & Kitchen,31,1459.13,45232.94,315.42,False
2026-10-25,North,Beauty,23,636.9,14648.61,314.6,False
2026-10-25,North,Sports,12,1086.47,13037.68,256.59,False
2026-10-25,South,Electronics,17,3091.39,52553.6,485.44,False
2026-10-25,South,Apparel,26,840.32,21848.34,207.81,False
2026-10-25,South,Home & Kitchen,17,1479.14,25145.32,399.9,False
2026-10-25,South,Beauty,27,705.44,19046.88,324.49,False
2026-10-25,South,Sports,16,1118.89,17902.27,401.75,False
2026-10-25,East,Electronics,20,3023.51,60470.25,506.19,False
2026-10-25,East,Apparel,25,867.29,21682.18,364.45,False
2026-10-25,East,Home & Kitchen,22,1507.89,33173.59,227.81,False
2026-10-25,East,Beauty,35,674.24,23598.28,292.3,False
2026-10-25,East,Sports,10,1151.27,11512.7,208.04,False
2026-10-25,West,Electronics,18,3232.93,58192.76,503.36,False
2026-10-25,West,Apparel,41,929.54,38111.14,211.01,False
2026-10-25,West,Home & Kitchen,17,1537.81,26142.76,385.27,False
2026-10-25,West,Beauty,24,627.31,15055.5,319.8,False
2026-10-25,West,Sports,14,1075.2,15052.74,253.67,False
2026-10-26,North,Electronics,24,3122.73,74945.5,430.92,False
2026-10-26,North,Apparel,17,879.81,14956.84,297.08,False
2026-10-26,North,Home & Kitchen,12,1505.83,18069.92,274.68,False
2026-10-26,North,Beauty,22,638.84,14054.49,239.39,False
2026-10-26,North,Sports,9,1133.44,10200.94,345.84,False
2026-10-26,South,Electronics,6,3281.55,19689.28,631.1,False
2026-10-26,South,Apparel,21,963.68,20237.2,244.52,False
2026-10-26,South,Home & Kitchen,9,1573.46,14161.1,222.76,False
2026-10-26,South,Beauty,12,658.12,7897.46,327.26,False
2026-10-26,South,Sports,4,1000.08,4000.32,281.85,False
2026-10-26,East,Electronics,13,3129.46,40683.0,440.25,False
2026-10-26,East,Apparel,21,889.2,18673.11,217.48,False
2026-10-26,East,Home & Kitchen,10,1370.59,13705.86,340.97,False
2026-10-26,East,Beauty,10,628.99,6289.85,276.68,False
2026-10-26,East,Sports,9,1149.72,10347.5,319.82,False
2026-10-26,West,Electronics,19,3233.9,61444.14,513.55,False
2026-10-26,West,Apparel,23,916.0,21068.06,349.67,False
2026-10-26,West,Home & Kitchen,16,1363.0,21807.99,347.16,False
2026-10-26,West,Beauty,22,646.85,14230.76,386.62,False
2026-10-26,West,Sports,10,1114.56,11145.65,380.12,False
2026-10-27,North,Electronics,12,3183.49,38201.82,441.28,False
2026-10-27,North,Apparel,22,936.9,20611.81,332.62,False
2026-10-27,North,Home & Kitchen,15,1428.1,21421.52,262.75,False
2026-10-27,North,Beauty,16,643.66,10298.57,252.44,False
2026-10-27,North,Sports,10,1135.14,11351.4,381.15,False
2026-10-27,South,Electronics,17,3058.79,51999.38,556.86,False
2026-10-27,South,Apparel,21,877.19,18421.0,310.58,False
2026-10-27,South,Home & Kitchen,10,1348.32,13483.24,205.91,False
2026-10-27,South,Beauty,19,603.18,11460.43,225.39,False
2026-10-27,South,Sports,10,1101.73,11017.3,287.12,False
2026-10-27,East,Electronics,8,3235.64,25885.08,447.23,False
2026-10-27,East,Apparel,20,911.54,18230.84,245.78,False
2026-10-27,East,Home & Kitchen,8,1487.31,11898.51,282.76,False
2026-10-27,East,Beauty,13,678.09,8815.18,230.72,False
2026-10-27,East,Sports,8,1013.3,8106.41,263.09,False
2026-10-27,West,Electronics,17,3212.41,54610.96,411.41,False
2026-10-27,West,Apparel,16,897.19,14355.08,269.94,False
2026-10-27,West,Home & Kitchen,7,1367.87,9575.07,262.6,False
2026-10-27,West,Beauty,13,688.94,8956.24,248.6,False
2026-10-27,West,Sports,15,1119.81,16797.13,217.53,False
2026-10-28,North,Electronics,15,3097.01,46455.15,558.54,False
2026-10-28,North,Apparel,23,850.1,19552.3,263.5,False
2026-10-28,North,Home & Kitchen,12,1505.59,18067.1,327.76,False
2026-10-28,North,Beauty,19,654.75,12440.27,238.22,False
2026-10-28,North,Sports,12,1107.68,13292.22,280.43,False
2026-10-28,South,Electronics,17,2987.77,50792.08,436.31,False
2026-10-28,South,Apparel,28,839.46,23504.98,321.13,False
2026-10-28,South,Home & Kitchen,11,1431.31,15744.38,360.0,False
2026-10-28,South,Beauty,20,653.12,13062.47,394.7,False
2026-10-28,South,Sports,13,1098.06,14274.84,374.95,False
2026-10-28,East,Electronics,13,3300.82,42910.68,547.64,False
2026-10-28,East,Apparel,22,864.63,19021.81,383.05,False
2026-10-28,East,Home & Kitchen,10,1542.39,15423.87,256.45,False
2026-10-28,East,Beauty,19,704.03,13376.54,248.2,False
2026-10-28,East,Sports,10,1153.45,11534.51,285.43,False
2026-10-28,West,Electronics,7,3274.18,22919.23,444.84,False
2026-10-28,West,Apparel,17,900.6,15310.27,207.06,False
2026-10-28,West,Home & Kitchen,17,1434.03,24378.5,244.86,False
2026-10-28,West,Beauty,15,663.24,9948.61,285.76,False
2026-10-28,West,Sports,7,1105.39,7737.76,465.99,False
2026-10-29,North,Electronics,9,3247.39,29226.5,452.5,False
2026-10-29,North,Apparel,19,935.92,17782.41,330.16,False
2026-10-29,North,Home & Kitchen,12,1510.35,18124.2,269.78,False
2026-10-29,North,Beauty,9,648.36,5835.23,292.98,False
2026-10-29,North,Sports,7,1103.33,7723.31,329.05,False
2026-10-29,South,Electronics,15,3248.38,48725.69,497.67,False
2026-10-29,South,Apparel,17,878.56,14935.56,343.74,False
2026-10-29,South,Home & Kitchen,12,1468.53,17622.39,311.32,False
2026-10-29,South,Beauty,13,660.87,8591.27,377.11,False
2026-10-29,South,Sports,11,1158.66,12745.23,334.81,False
2026-10-29,East,Electronics,16,3212.47,51399.45,434.35,False
2026-10-29,East,Apparel,19,947.5,18002.41,373.0,False
2026-10-29,East,Home & Kitchen,14,1532.39,21453.49,344.16,False
2026-10-29,East,Beauty,15,687.92,10318.86,287.62,False
2026-10-29,East,Sports,11,1071.42,11785.57,220.99,False
2026-10-29,West,Electronics,11,3147.8,34625.81,501.11,False
2026-10-29,West,Apparel,18,930.71,16752.86,285.56,False
2026-10-29,West,Home & Kitchen,18,1534.21,27615.76,311.32,False
2026-10-29,West,Beauty,23,661.7,15219.11,240.78,False
2026-10-29,West,Sports,11,1108.96,12198.54,333.99,False
2026-10-30,North,Electronics,7,3199.45,22396.13,445.16,False
2026-10-30,North,Apparel,28,963.1,26966.73,347.58,False
2026-10-30,North,Home & Kitchen,13,1452.45,18881.83,383.36,False
2026-10-30,North,Beauty,21,676.96,14216.17,331.5,False
2026-10-30,North,Sports,13,1051.55,13670.11,227.36,False
2026-10-30,South,Electronics,14,3192.65,44697.11,506.05,False
2026-10-30,South,Apparel,17,875.85,14889.51,262.77,False
2026-10-30,South,Home & Kitchen,13,1435.12,18656.58,334.66,False
2026-10-30,South,Beauty,24,642.29,15414.9,411.36,False
2026-10-30,South,Sports,4,1081.02,4324.09,304.01,False
2026-10-30,East,Electronics,11,3031.15,33342.69,574.59,False
2026-10-30,East,Apparel,19,889.17,16894.3,286.49,False
2026-10-30,East,Home & Kitchen,14,1459.76,20436.7,278.62,False
2026-10-30,East,Beauty,17,680.23,11563.98,350.53,False
2026-10-30,East,Sports,9,1053.65,9482.83,329.16,False
2026-10-30,West,Electronics,18,3018.28,54328.97,478.72,False
2026-10-30,West,Apparel,26,885.19,23014.9,262.37,False
2026-10-30,West,Home & Kitchen,14,1502.56,21035.79,312.12,False
2026-10-30,West,Beauty,19,623.14,11839.63,256.18,False
2026-10-30,West,Sports,10,1040.65,10406.51,274.86,False
2026-10-31,North,Electronics,18,3337.47,60074.43,481.49,False
2026-10-31,North,Apparel,23,965.19,22199.27,384.45,False
2026-10-31,North,Home & Kitchen,16,1502.8,24044.85,308.82,False
2026-10-31,North,Beauty,15,655.37,9830.58,297.31,False
2026-10-31,North,Sports,9,1016.7,9150.29,265.1,False
2026-10-31,South,Electronics,13,3440.62,44728.07,534.31,False
2026-10-31,South,Apparel,19,873.65,16599.42,252.17,False
2026-10-31,South,Home & Kitchen,13,1513.22,19671.88,285.08,False
2026-10-31,South,Beauty,14,621.4,8699.65,341.18,False
2026-10-31,South,Sports,9,1063.45,9571.01,260.24,False
2026-10-31,East,Electronics,13,3497.72,45470.32,504.27,False
2026-10-31,East,Apparel,28,876.51,24542.15,414.76,False
2026-10-31,East,Home & Kitchen,15,1427.31,21409.65,275.7,False
2026-10-31,East,Beauty,15,641.8,9626.96,294.58,False
2026-10-31,East,Sports,5,1157.56,5787.79,448.38,False
2026-10-31,West,Electronics,25,3419.7,85492.57,514.93,False
2026-10-31,West,Apparel,24,905.18,21724.41,321.02,False
2026-10-31,West,Home & Kitchen,16,1407.38,22518.0,202.48,False
2026-10-31,West,Beauty,20,649.82,12996.3,308.31,False
2026-10-31,West,Sports,8,1139.54,9116.34,294.65,False
2026-11-01,North,Electronics,17,3177.17,54011.96,565.84,False
2026-11-01,North,Apparel,14,876.37,12269.17,216.06,False
2026-11-01,North,Home & Kitchen,13,1452.9,18887.66,294.56,False
2026-11-01,North,Beauty,14,634.1,8877.38,265.49,False
2026-11-01,North,Sports,13,1123.28,14602.69,291.89,False
2026-11-01,South,Electronics,15,3370.51,50557.59,401.23,False
2026-11-01,South,Apparel,26,883.38,22967.95,319.66,False
2026-11-01,South,Home & Kitchen,23,1530.9,35210.62,248.09,False
2026-11-01,South,Beauty,12,641.84,7702.05,271.04,False
2026-11-01,South,Sports,10,1099.14,10991.36,235.07,False
2026-11-01,East,Electronics,19,3226.93,61311.62,408.51,False
2026-11-01,East,Apparel,25,991.9,24797.44,276.74,False
2026-11-01,East,Home & Kitchen,13,1511.65,19651.39,295.94,False
2026-11-01,East,Beauty,20,637.69,12753.75,288.64,False
2026-11-01,East,Sports,12,1087.78,13053.32,227.09,False
2026-11-01,West,Electronics,11,3242.83,35671.13,550.48,False
2026-11-01,West,Apparel,24,925.03,22200.79,293.96,False
2026-11-01,West,Home & Kitchen,13,1403.4,18244.17,311.53,False
2026-11-01,West,Beauty,18,654.06,11773.13,364.44,False
2026-11-01,West,Sports,10,1051.22,10512.15,213.37,False
2026-11-02,North,Electronics,15,3353.52,50302.77,459.23,False
2026-11-02,North,Apparel,27,875.3,23633.16,300.51,False
2026-11-02,North,Home & Kitchen,16,1507.26,24116.13,312.31,False
2026-11-02,North,Beauty,22,654.16,14391.48,353.57,False
2026-11-02,North,Sports,10,1145.43,11454.25,282.44,False
2026-11-02,South,Electronics,17,3410.89,57985.07,621.04,False
2026-11-02,South,Apparel,24,844.59,20270.12,214.72,False
2026-11-02,South,Home & Kitchen,8,1569.1,12552.76,429.25,False
2026-11-02,South,Beauty,12,651.89,7822.63,426.34,False
2026-11-02,South,Sports,14,1125.29,15754.02,279.77,False
2026-11-02,East,Electronics,9,3167.19,28504.75,404.46,False
2026-11-02,East,Apparel,18,887.48,15974.7,314.62,False
2026-11-02,East,Home & Kitchen,9,1494.87,13453.81,252.96,False
2026-11-02,East,Beauty,19,626.59,11905.28,316.06,False
2026-11-02,East,Sports,11,1206.53,13271.79,291.56,False
2026-11-02,West,Electronics,19,3075.72,58438.68,541.15,False
2026-11-02,West,Apparel,22,880.62,19373.71,240.9,False
2026-11-02,West,Home & Kitchen,16,1593.63,25498.15,345.06,False
2026-11-02,West,Beauty,10,647.47,6474.74,303.78,False
2026-11-02,West,Sports,15,1100.11,16501.66,261.1,False
2026-11-03,North,Electronics,10,3268.28,32682.84,524.83,False
2026-11-03,North,Apparel,24,846.44,20314.55,309.78,False
2026-11-03,North,Home & Kitchen,14,1509.35,21130.89,264.22,False
2026-11-03,North,Beauty,22,640.9,14099.78,252.52,False
2026-11-03,North,Sports,11,1127.89,12406.83,301.19,False
2026-11-03,South,Electronics,16,3243.06,51888.94,525.49,False
2026-11-03,South,Apparel,22,870.6,19153.09,291.34,False
2026-11-03,South,Home & Kitchen,10,1393.15,13931.55,355.1,False
2026-11-03,South,Beauty,18,652.61,11747.01,276.03,False
2026-11-03,South,Sports,5,1050.46,5252.29,347.38,False
2026-11-03,East,Electronics,22,3236.18,71195.97,492.27,False
2026-11-03,East,Apparel,31,902.17,27967.22,225.55,False
2026-11-03,East,Home & Kitchen,12,1454.53,17454.4,212.85,False
2026-11-03,East,Beauty,18,679.9,12238.11,301.71,False
2026-11-03,East,Sports,11,983.17,10814.9,231.79,False
2026-11-03,West,Electronics,10,2970.92,29709.22,496.78,False
2026-11-03,West,Apparel,21,899.3,18885.33,344.61,False
2026-11-03,West,Home & Kitchen,17,1551.62,26377.6,278.98,False
2026-11-03,West,Beauty,18,618.31,11129.59,268.33,False
2026-11-03,West,Sports,10,1121.45,11214.45,340.52,False
2026-11-04,North,Electronics,19,3173.9,60304.14,574.75,False
2026-11-04,North,Apparel,19,879.71,16714.56,334.33,False
2026-11-04,North,Home & Kitchen,8,1436.46,11491.71,296.58,False
2026-11-04,North,Beauty,18,675.72,12162.99,309.03,False
2026-11-04,North,Sports,5,1214.89,6074.44,398.76,False
2026-11-04,South,Electronics,8,3319.31,26554.49,489.06,False
2026-11-04,South,Apparel,14,919.88,12878.3,231.09,False
2026-11-04,South,Home & Kitchen,16,1443.9,23102.38,367.46,False
2026-11-04,South,Beauty,11,635.14,6986.5,428.64,False
2026-11-04,South,Sports,11,1081.65,11898.14,224.86,False
2026-11-04,East,Electronics,9,3293.52,29641.72,476.71,False
2026-11-04,East,Apparel,24,880.04,21121.07,271.95,False
2026-11-04,East,Home & Kitchen,15,1453.19,21797.87,305.33,False
2026-11-04,East,Beauty,12,649.59,7795.12,297.72,False
2026-11-04,East,Sports,9,1101.39,9912.49,333.31,False
2026-11-04,West,Electronics,8,3376.86,27014.9,624.65,False
2026-11-04,West,Apparel,23,916.24,21073.47,271.01,False
2026-11-04,West,Home & Kitchen,12,1397.19,16766.3,279.33,False
2026-11-04,West,Beauty,14,660.48,9246.67,312.98,False
2026-11-04,West,Sports,18,1176.7,21180.66,308.52,False
2026-11-05,North,Electronics,10,3226.71,32267.11,469.66,False
2026-11-05,North,Apparel,20,864.24,17284.87,346.4,False
2026-11-05,North,Home & Kitchen,13,1510.7,19639.1,275.63,False
2026-11-05,North,Beauty,16,646.69,10347.08,270.89,False
2026-11-05,North,Sports,8,1089.25,8713.99,256.08,False
2026-11-05,South,Electronics,14,3033.8,42473.21,508.04,False
2026-11-05,South,Apparel,24,860.27,20646.52,262.78,False
2026-11-05,South,Home & Kitchen,16,1531.95,24511.17,252.86,False
2026-11-05,South,Beauty,13,625.28,8128.64,236.84,False
2026-11-05,South,Sports,7,1087.47,7612.26,390.03,False
2026-11-05,East,Electronics,16,3069.2,49107.23,529.49,False
2026-11-05,East,Apparel,20,915.2,18303.94,250.51,False
2026-11-05,East,Home & Kitchen,16,1486.94,23791.09,333.02,False
2026-11-05,East,Beauty,15,610.81,9162.18,299.97,False
2026-11-05,East,Sports,7,1021.02,7147.14,283.15,False
2026-11-05,West,Electronics,22,3178.07,69917.5,450.0,False
2026-11-05,West,Apparel,18,877.35,15792.27,240.64,False
2026-11-05,West,Home & Kitchen,18,1471.22,26482.04,272.87,False
2026-11-05,West,Beauty,18,622.39,11203.08,305.15,False
2026-11-05,West,Sports,8,1073.17,8585.34,292.61,False
2026-11-06,North,Electronics,18,3148.75,56677.58,443.99,False
2026-11-06,North,Apparel,16,935.73,14971.66,365.52,False
2026-11-06,North,Home & Kitchen,10,1470.44,14704.45,348.57,False
2026-11-06,North,Beauty,12,685.46,8225.53,299.9,False
2026-11-06,North,Sports,10,1154.2,11542.05,274.49,False
2026-11-06,South,Electronics,14,3102.0,43427.93,539.58,False
2026-11-06,South,Apparel,20,912.66,18253.17,247.58,False
2026-11-06,South,Home & Kitchen,8,1477.76,11822.06,332.03,False
2026-11-06,South,Beauty,14,645.7,9039.87,248.55,False
2026-11-06,South,Sports,9,1109.31,9983.77,264.72,False
2026-11-06,East,Electronics,14,3242.94,45401.17,503.42,False
2026-11-06,East,Apparel,16,913.58,14617.22,256.37,False
2026-11-06,East,Home & Kitchen,12,1547.45,18569.35,371.92,False
2026-11-06,East,Beauty,19,605.38,11502.15,257.03,False
2026-11-06,East,Sports,10,1116.16,11161.63,307.99,False
2026-11-06,West,Electronics,14,3416.86,47836.0,426.5,False
2026-11-06,West,Apparel,21,905.02,19005.44,373.34,False
2026-11-06,West,Home & Kitchen,9,1500.97,13508.7,297.68,False
2026-11-06,West,Beauty,24,681.16,16347.96,278.23,False
2026-11-06,West,Sports,8,1128.53,9028.25,333.46,False
2026-11-07,North,Electronics,21,3446.83,72383.36,515.1,False
2026-11-07,North,Apparel,28,919.7,25751.69,345.8,False
2026-11-07,North,Home & Kitchen,15,1488.96,22334.33,276.51,False
2026-11-07,North,Beauty,23,613.74,14115.93,347.74,False
2026-11-07,North,Sports,11,1139.96,12539.6,309.52,False
2026-11-07,South,Electronics,19,3022.8,57433.12,428.85,False
2026-11-07,South,Apparel,22,911.05,20043.19,272.25,False
2026-11-07,South,Home & Kitchen,18,1523.21,27417.74,329.97,False
2026-11-07,South,Beauty,16,656.14,10498.18,154.27,False
2026-11-07,South,Sports,13,1124.82,14622.64,222.79,False
2026-11-07,East,Electronics,14,3119.44,43672.16,444.3,False
2026-11-07,East,Apparel,22,925.99,20371.88,350.92,False
2026-11-07,East,Home & Kitchen,19,1461.12,27761.19,310.06,False
2026-11-07,East,Beauty,20,665.6,13311.95,371.07,False
2026-11-07,East,Sports,13,1068.96,13896.45,189.72,False
2026-11-07,West,Electronics,15,3164.97,47474.51,393.81,False
2026-11-07,West,Apparel,25,884.37,22109.13,276.33,False
2026-11-07,West,Home & Kitchen,17,1540.61,26190.44,202.67,False
2026-11-07,West,Beauty,17,647.46,11006.76,298.64,False
2026-11-07,West,Sports,16,1091.98,17471.62,371.04,False
2026-11-08,North,Electronics,19,3192.1,60649.93,432.17,False
2026-11-08,North,Apparel,20,952.15,19043.01,297.68,False
2026-11-08,North,Home & Kitchen,16,1526.29,24420.6,305.6,False
2026-11-08,North,Beauty,14,654.42,9161.92,236.43,False
2026-11-08,North,Sports,11,1089.97,11989.68,247.94,False
2026-11-08,South,Electronics,9,3431.64,30884.77,534.71,False
2026-11-08,South,Apparel,21,879.68,18473.37,265.98,False
2026-11-08,South,Home & Kitchen,10,1529.12,15291.22,403.88,False
2026-11-08,South,Beauty,15,654.11,9811.58,313.56,False
2026-11-08,South,Sports,8,1064.29,8514.36,289.16,False
2026-11-08,East,Electronics,21,3074.95,64573.94,432.01,False
2026-11-08,East,Apparel,31,867.74,26899.81,278.23,False
2026-11-08,East,Home & Kitchen,11,1494.42,16438.63,260.1,False
2026-11-08,East,Beauty,23,667.66,15356.25,272.03,False
2026-11-08,East,Sports,11,1134.09,12474.98,317.77,False
2026-11-08,West,Electronics,19,3077.77,58477.72,491.27,False
2026-11-08,West,Apparel,28,915.83,25643.26,235.04,False
2026-11-08,West,Home & Kitchen,13,1427.87,18562.35,286.56,False
2026-11-08,West,Beauty,21,705.47,14814.8,259.65,False
2026-11-08,West,Sports,15,1074.06,16110.92,309.67,False
2026-11-09,North,Electronics,16,2987.36,47797.72,498.53,False
2026-11-09,North,Apparel,16,939.26,15028.13,334.82,False
2026-11-09,North,Home & Kitchen,14,1483.98,20775.65,308.76,False
2026-11-09,North,Beauty,14,644.26,9019.7,332.52,False
2026-11-09,North,Sports,8,1029.72,8237.77,396.25,False
2026-11-09,South,Electronics,18,3165.16,56972.89,493.05,False
2026-11-09,South,Apparel,11,916.47,10081.18,363.5,False
2026-11-09,South,Home & Kitchen,16,1602.82,25645.13,305.58,False
2026-11-09,South,Beauty,14,635.72,8900.09,310.87,False
2026-11-09,South,Sports,10,1075.24,10752.39,255.78,False
2026-11-09,East,Electronics,18,3459.89,62277.96,549.23,False
2026-11-09,East,Apparel,34,903.77,30728.11,325.59,False
2026-11-09,East,Home & Kitchen,13,1504.04,19552.58,228.29,False
2026-11-09,East,Beauty,11,651.96,7171.51,315.32,False
2026-11-09,East,Sports,12,1118.34,13420.12,315.41,False
2026-11-09,West,Electronics,10,3252.46,32524.6,594.72,False
2026-11-09,West,Apparel,20,931.61,18632.27,288.2,False
2026-11-09,West,Home & Kitchen,11,1582.82,17411.05,327.51,False
2026-11-09,West,Beauty,23,684.85,15751.55,280.8,False
2026-11-09,West,Sports,10,1052.16,10521.56,290.2,False
2026-11-10,North,Electronics,9,3326.31,29936.81,489.3,False
2026-11-10,North,Apparel,22,1005.25,22115.53,403.07,False
2026-11-10,North,Home & Kitchen,15,1547.94,23219.04,279.73,False
2026-11-10,North,Beauty,19,654.48,12435.11,305.96,False
2026-11-10,North,Sports,8,1096.05,8768.4,353.17,False
2026-11-10,South,Electronics,13,3110.93,40442.15,511.59,False
2026-11-10,South,Apparel,14,839.14,11747.93,402.93,False
2026-11-10,South,Home & Kitchen,13,1580.07,20540.93,351.46,False
2026-11-10,South,Beauty,16,698.55,11176.87,246.76,False
2026-11-10,South,Sports,13,1103.22,14341.88,257.94,False
2026-11-10,East,Electronics,13,3054.15,39703.93,482.69,False
2026-11-10,East,Apparel,27,891.72,24076.47,340.61,False
2026-11-10,East,Home & Kitchen,8,1509.8,12078.36,283.48,False
2026-11-10,East,Beauty,16,685.06,10960.92,434.08,False
2026-11-10,East,Sports,4,1064.46,4257.84,456.12,False
2026-11-10,West,Electronics,0,3140.88,0.0,465.34,True
2026-11-10,West,Apparel,18,858.86,15459.42,285.16,False
2026-11-10,West,Home & Kitchen,10,1544.16,15441.58,288.07,False
2026-11-10,West,Beauty,16,623.94,9982.99,223.18,False
2026-11-10,West,Sports,11,1066.7,11733.65,280.2,False
2026-11-11,North,Electronics,14,3331.02,46634.27,542.31,False
2026-11-11,North,Apparel,20,908.77,18175.43,250.3,False
2026-11-11,North,Home & Kitchen,10,1459.19,14591.89,224.94,False
2026-11-11,North,Beauty,16,710.11,11361.82,283.13,False
2026-11-11,North,Sports,10,1150.16,11501.61,359.84,False
2026-11-11,South,Electronics,6,3055.54,18333.24,603.27,False
2026-11-11,South,Apparel,17,967.28,16443.73,417.5,False
2026-11-11,South,Home & Kitchen,7,1465.08,10255.54,282.92,False
2026-11-11,South,Beauty,17,605.21,10288.58,365.06,False
2026-11-11,South,Sports,11,1104.74,12152.19,278.92,False
2026-11-11,East,Electronics,11,3290.05,36190.55,487.47,False
2026-11-11,East,Apparel,21,878.04,18438.8,384.54,False
2026-11-11,East,Home & Kitchen,21,1502.82,31559.29,314.69,False
2026-11-11,East,Beauty,20,649.85,12997.03,268.76,False
2026-11-11,East,Sports,6,1195.6,7173.59,316.69,False
2026-11-11,West,Electronics,0,3173.9,0.0,620.72,True
2026-11-11,West,Apparel,21,900.1,18902.03,340.56,False
2026-11-11,West,Home & Kitchen,16,1504.5,24071.99,449.01,False
2026-11-11,West,Beauty,22,613.22,13490.79,388.44,False
2026-11-11,West,Sports,14,1076.13,15065.81,272.84,False
2026-11-12,North,Electronics,13,3243.45,42164.83,474.45,False
2026-11-12,North,Apparel,24,1008.96,24215.03,388.69,False
2026-11-12,North,Home & Kitchen,11,1500.57,16506.28,251.08,False
2026-11-12,North,Beauty,10,684.48,6844.81,350.44,False
2026-11-12,North,Sports,14,1132.96,15861.46,265.74,False
2026-11-12,South,Electronics,15,3250.04,48750.59,515.25,False
2026-11-12,South,Apparel,15,895.87,13438.04,348.98,False
2026-11-12,South,Home & Kitchen,7,1547.08,10829.55,189.8,False
2026-11-12,South,Beauty,15,664.35,9965.26,187.77,False
2026-11-12,South,Sports,5,1100.14,5500.69,265.96,False
2026-11-12,East,Electronics,9,2993.08,26937.75,559.57,False
2026-11-12,East,Apparel,24,927.52,22260.58,319.69,False
2026-11-12,East,Home & Kitchen,16,1562.07,24993.05,307.38,False
2026-11-12,East,Beauty,5,682.26,3411.29,343.28,False
2026-11-12,East,Sports,6,1097.81,6586.86,254.39,False
2026-11-12,West,Electronics,0,3001.69,0.0,619.12,True
2026-11-12,West,Apparel,17,914.51,15546.73,297.01,False
2026-11-12,West,Home & Kitchen,8,1613.53,12908.25,393.46,False
2026-11-12,West,Beauty,28,625.11,17503.18,248.84,False
2026-11-12,West,Sports,7,1108.62,7760.33,281.82,False
2026-11-13,North,Electronics,9,3206.63,28859.7,527.78,False
2026-11-13,North,Apparel,19,900.07,17101.4,385.0,False
2026-11-13,North,Home & Kitchen,17,1483.91,25226.42,264.01,False
2026-11-13,North,Beauty,14,639.46,8952.47,288.62,False
2026-11-13,North,Sports,15,1080.58,16208.64,345.73,False
2026-11-13,South,Electronics,12,3217.35,38608.17,536.6,False
2026-11-13,South,Apparel,20,891.11,17822.11,341.95,False
2026-11-13,South,Home & Kitchen,13,1357.92,17653.02,276.87,False
2026-11-13,South,Beauty,13,628.44,8169.75,260.59,False
2026-11-13,South,Sports,10,1098.72,10987.16,228.23,False
2026-11-13,East,Electronics,12,3312.03,39744.36,406.79,False
2026-11-13,East,Apparel,26,896.86,23318.36,287.29,False
2026-11-13,East,Home & Kitchen,11,1569.71,17266.81,319.8,False
2026-11-13,East,Beauty,16,638.37,10213.92,274.86,False
2026-11-13,East,Sports,9,1064.81,9583.27,234.19,False
2026-11-13,West,Electronics,0,3181.12,0.0,541.55,True
2026-11-13,West,Apparel,21,911.01,19131.12,207.52,False
2026-11-13,West,Home & Kitchen,19,1551.33,29475.24,332.8,False
2026-11-13,West,Beauty,15,619.39,9290.87,297.79,False
2026-11-13,West,Sports,14,1084.88,15188.32,392.8,False
2026-11-14,North,Electronics,16,3222.65,51562.48,477.63,False
2026-11-14,North,Apparel,26,954.53,24817.87,308.7,False
2026-11-14,North,Home & Kitchen,16,1565.06,25040.98,263.42,False
2026-11-14,North,Beauty,14,664.2,9298.84,347.54,False
2026-11-14,North,Sports,8,1144.7,9157.56,340.65,False
2026-11-14,South,Electronics,18,3085.57,55540.21,511.9,False
2026-11-14,South,Apparel,24,884.59,21230.28,302.39,False
2026-11-14,South,Home & Kitchen,6,1503.99,9023.96,250.79,False
2026-11-14,South,Beauty,17,709.49,12061.28,293.43,False
2026-11-14,South,Sports,13,1150.49,14956.42,275.45,False
2026-11-14,East,Electronics,8,3146.81,25174.45,539.21,False
2026-11-14,East,Apparel,28,986.25,27615.07,196.52,False
2026-11-14,East,Home & Kitchen,16,1577.32,25237.14,252.35,False
2026-11-14,East,Beauty,14,629.63,8814.83,389.56,False
2026-11-14,East,Sports,8,1134.07,9072.58,200.19,False
2026-11-14,West,Electronics,0,3162.31,0.0,464.81,True
2026-11-14,West,Apparel,28,907.96,25422.98,286.81,False
2026-11-14,West,Home & Kitchen,11,1485.52,16340.68,412.24,False
2026-11-14,West,Beauty,17,673.89,11456.12,271.68,False
2026-11-14,West,Sports,14,1156.35,16188.96,264.55,False
2026-11-15,North,Electronics,20,3165.55,63311.0,515.42,False
2026-11-15,North,Apparel,26,841.04,21867.07,252.27,False
2026-11-15,North,Home & Kitchen,8,1535.82,12286.58,331.6,False
2026-11-15,North,Beauty,13,659.47,8573.05,381.55,False
2026-11-15,North,Sports,15,1049.64,15744.56,265.84,False
2026-11-15,South,Electronics,21,2926.69,61460.59,486.83,False
2026-11-15,South,Apparel,20,958.56,19171.3,311.14,False
2026-11-15,South,Home & Kitchen,13,1541.22,20035.87,247.85,False
2026-11-15,South,Beauty,28,683.61,19141.03,361.14,False
2026-11-15,South,Sports,15,1043.67,15655.08,331.41,False
2026-11-15,East,Electronics,14,3161.49,44260.91,548.04,False
2026-11-15,East,Apparel,21,914.03,19194.67,278.1,False
2026-11-15,East,Home & Kitchen,22,1503.13,33068.76,336.92,False
2026-11-15,East,Beauty,17,678.47,11533.95,277.5,False
2026-11-15,East,Sports,8,1105.56,8844.49,329.82,False
2026-11-15,West,Electronics,0,3290.94,0.0,482.72,True
2026-11-15,West,Apparel,28,860.34,24089.42,435.68,False
2026-11-15,West,Home & Kitchen,10,1488.93,14889.32,394.84,False
2026-11-15,West,Beauty,10,670.92,6709.23,339.72,False
2026-11-15,West,Sports,12,1103.73,13244.78,374.9,False
2026-11-16,North,Electronics,13,3171.95,41235.32,512.35,False
2026-11-16,North,Apparel,19,890.62,16921.69,308.7,False
2026-11-16,North,Home & Kitchen,9,1454.21,13087.9,250.56,False
2026-11-16,North,Beauty,18,652.96,11753.29,321.66,False
2026-11-16,North,Sports,14,1068.78,14962.95,379.66,False
2026-11-16,South,Electronics,8,3213.69,25709.53,540.08,False
2026-11-16,South,Apparel,16,854.24,13667.82,370.28,False
2026-11-16,South,Home & Kitchen,14,1458.42,20417.87,226.33,False
2026-11-16,South,Beauty,13,665.28,8648.63,242.32,False
2026-11-16,South,Sports,9,1130.73,10176.6,272.76,False
2026-11-16,East,Electronics,15,3335.81,50037.15,475.29,False
2026-11-16,East,Apparel,17,845.79,14378.39,388.31,False
2026-11-16,East,Home & Kitchen,8,1578.28,12626.2,262.18,False
2026-11-16,East,Beauty,14,655.36,9175.03,323.13,False
2026-11-16,East,Sports,16,1112.95,17807.15,209.67,False
2026-11-16,West,Electronics,0,3155.66,0.0,420.87,True
2026-11-16,West,Apparel,26,880.96,22905.08,368.65,False
2026-11-16,West,Home & Kitchen,12,1491.99,17903.82,373.18,False
2026-11-16,West,Beauty,15,632.3,9484.55,328.49,False
2026-11-16,West,Sports,11,1132.96,12462.58,246.55,False
2026-11-17,North,Electronics,19,3055.11,58047.16,468.26,False
2026-11-17,North,Apparel,23,892.66,20531.11,231.27,False
2026-11-17,North,Home & Kitchen,12,1517.17,18206.09,306.33,False
2026-11-17,North,Beauty,19,643.19,12220.58,452.31,False
2026-11-17,North,Sports,9,1076.97,9692.74,128.37,False
2026-11-17,South,Electronics,15,3130.39,46955.85,414.1,False
2026-11-17,South,Apparel,15,896.78,13451.76,341.5,False
2026-11-17,South,Home & Kitchen,10,1522.17,15221.75,349.73,False
2026-11-17,South,Beauty,16,640.53,10248.43,364.77,False
2026-11-17,South,Sports,8,1132.93,9063.43,238.3,False
2026-11-17,East,Electronics,19,3171.17,60252.19,550.28,False
2026-11-17,East,Apparel,29,899.41,26082.8,229.5,False
2026-11-17,East,Home & Kitchen,16,1494.19,23907.07,222.2,False
2026-11-17,East,Beauty,15,700.18,10502.74,313.21,False
2026-11-17,East,Sports,11,1017.55,11193.02,340.34,False
2026-11-17,West,Electronics,0,3065.22,0.0,504.37,True
2026-11-17,West,Apparel,20,957.1,19142.06,403.68,False
2026-11-17,West,Home & Kitchen,14,1391.51,19481.12,337.92,False
2026-11-17,West,Beauty,25,644.37,16109.21,322.95,False
2026-11-17,West,Sports,12,1098.88,13186.59,252.5,False
2026-11-18,North,Electronics,11,3105.8,34163.81,431.15,False
2026-11-18,North,Apparel,21,865.4,18173.32,285.67,False
2026-11-18,North,Home & Kitchen,9,1485.21,13366.92,433.32,False
2026-11-18,North,Beauty,15,654.52,9817.86,238.17,False
2026-11-18,North,Sports,9,1104.25,9938.21,383.07,False
2026-11-18,South,Electronics,8,3388.81,27110.46,554.72,False
2026-11-18,South,Apparel,14,831.0,11634.05,347.74,False
2026-11-18,South,Home & Kitchen,16,1657.75,26524.07,311.78,False
2026-11-18,South,Beauty,10,631.28,6312.84,369.9,False
2026-11-18,South,Sports,10,1001.76,10017.58,314.35,False
2026-11-18,East,Electronics,11,2973.24,32705.61,401.09,False
2026-11-18,East,Apparel,22,890.7,19595.35,221.05,False
2026-11-18,East,Home & Kitchen,11,1496.87,16465.62,349.36,False
2026-11-18,East,Beauty,20,601.84,12036.83,254.6,False
2026-11-18,East,Sports,11,1053.6,11589.56,304.19,False
2026-11-18,West,Electronics,0,3199.64,0.0,421.28,True
2026-11-18,West,Apparel,21,929.01,19509.14,381.59,False
2026-11-18,West,Home & Kitchen,13,1602.59,20833.71,337.96,False
2026-11-18,West,Beauty,17,660.61,11230.42,195.57,False
2026-11-18,West,Sports,11,1115.99,12275.92,334.53,False
2026-11-19,North,Electronics,16,3202.93,51246.9,568.88,False
2026-11-19,North,Apparel,19,907.42,17241.04,325.95,False
2026-11-19,North,Home & Kitchen,13,1629.91,21188.83,255.06,False
2026-11-19,North,Beauty,22,611.51,13453.2,288.7,False
2026-11-19,North,Sports,13,1169.79,15207.22,314.22,False
2026-11-19,South,Electronics,15,3126.08,46891.25,507.8,False
2026-11-19,South,Apparel,21,904.59,18996.36,273.54,False
2026-11-19,South,Home & Kitchen,10,1576.35,15763.52,249.07,False
2026-11-19,South,Beauty,19,628.42,11939.89,264.33,False
2026-11-19,South,Sports,5,1060.35,5301.74,373.45,False
2026-11-19,East,Electronics,16,3245.83,51933.35,498.45,False
2026-11-19,East,Apparel,25,887.85,22196.32,178.45,False
2026-11-19,East,Home & Kitchen,18,1546.68,27840.18,328.9,False
2026-11-19,East,Beauty,18,655.33,11795.87,309.82,False
2026-11-19,East,Sports,9,1102.76,9924.84,224.95,False
2026-11-19,West,Electronics,0,2929.46,0.0,551.25,True
2026-11-19,West,Apparel,18,814.86,14667.56,295.21,False
2026-11-19,West,Home & Kitchen,12,1469.08,17628.97,319.73,False
2026-11-19,West,Beauty,15,718.29,10774.29,268.95,False
2026-11-19,West,Sports,15,1069.21,16038.11,274.53,False
2026-11-20,North,Electronics,9,3330.32,29972.85,508.69,False
2026-11-20,North,Apparel,28,923.62,25861.25,317.24,False
2026-11-20,North,Home & Kitchen,18,1475.45,26558.04,264.49,False
2026-11-20,North,Beauty,14,706.69,9893.71,354.71,False
2026-11-20,North,Sports,7,1080.95,7566.68,301.77,False
2026-11-20,South,Electronics,19,3226.25,61298.75,522.2,False
2026-11-20,South,Apparel,19,901.49,17128.33,308.87,False
2026-11-20,South,Home & Kitchen,10,1469.13,14691.33,185.46,False
2026-11-20,South,Beauty,17,647.18,11002.1,266.66,False
2026-11-20,South,Sports,8,1074.09,8592.75,368.09,False
2026-11-20,East,Electronics,17,3099.5,52691.55,619.17,False
2026-11-20,East,Apparel,22,885.54,19481.79,326.4,False
2026-11-20,East,Home & Kitchen,14,1454.26,20359.7,366.05,False
2026-11-20,East,Beauty,17,647.61,11009.39,288.78,False
2026-11-20,East,Sports,14,1168.89,16364.48,311.91,False
2026-11-20,West,Electronics,0,2993.76,0.0,476.34,True
2026-11-20,West,Apparel,27,883.37,23850.91,372.28,False
2026-11-20,West,Home & Kitchen,10,1498.8,14988.03,317.16,False
2026-11-20,West,Beauty,25,650.35,16258.85,244.77,False
2026-11-20,West,Sports,10,1054.17,10541.7,258.67,False
2026-11-21,North,Electronics,21,3177.73,66732.28,470.63,False
2026-11-21,North,Apparel,19,893.53,16976.99,366.79,False
2026-11-21,North,Home & Kitchen,16,1468.27,23492.28,355.45,False
2026-11-21,North,Beauty,24,617.15,14811.64,299.3,False
2026-11-21,North,Sports,13,1104.12,14353.5,361.15,False
2026-11-21,South,Electronics,12,2953.63,35443.54,597.59,False
2026-11-21,South,Apparel,23,919.33,21144.48,241.44,False
2026-11-21,South,Home & Kitchen,22,1490.07,32781.52,371.98,False
2026-11-21,South,Beauty,21,650.96,13670.26,314.94,False
2026-11-21,South,Sports,9,1067.01,9603.1,296.48,False
2026-11-21,East,Electronics,17,3186.0,54162.01,610.69,False
2026-11-21,East,Apparel,26,897.98,23347.45,317.26,False
2026-11-21,East,Home & Kitchen,11,1417.28,15590.13,379.86,False
2026-11-21,East,Beauty,25,704.72,17618.01,255.94,False
2026-11-21,East,Sports,12,1144.69,13736.3,220.11,False
2026-11-21,West,Electronics,0,3446.91,0.0,454.31,True
2026-11-21,West,Apparel,24,922.31,22135.38,340.82,False
2026-11-21,West,Home & Kitchen,14,1485.69,20799.67,298.66,False
2026-11-21,West,Beauty,14,654.01,9156.15,364.67,False
2026-11-21,West,Sports,15,1033.99,15509.8,170.95,False
2026-11-22,North,Electronics,19,3084.41,58603.75,563.74,False
2026-11-22,North,Apparel,24,924.17,22180.16,311.4,False
2026-11-22,North,Home & Kitchen,12,1472.81,17673.69,374.44,False
2026-11-22,North,Beauty,19,659.92,12538.42,298.99,False
2026-11-22,North,Sports,14,1095.76,15340.6,382.77,False
2026-11-22,South,Electronics,15,2702.36,40535.42,526.41,False
2026-11-22,South,Apparel,26,924.4,24034.43,283.92,False
2026-11-22,South,Home & Kitchen,7,1532.55,10727.86,329.62,False
2026-11-22,South,Beauty,23,647.07,14882.56,359.42,False
2026-11-22,South,Sports,10,1148.3,11483.0,262.46,False
2026-11-22,East,Electronics,16,3281.58,52505.3,458.23,False
2026-11-22,East,Apparel,29,871.42,25271.28,284.01,False
2026-11-22,East,Home & Kitchen,13,1480.28,19243.65,254.93,False
2026-11-22,East,Beauty,16,658.08,10529.36,331.92,False
2026-11-22,East,Sports,16,1217.91,19486.6,486.04,False
2026-11-22,West,Electronics,0,3190.29,0.0,542.21,True
2026-11-22,West,Apparel,27,880.46,23772.31,287.99,False
2026-11-22,West,Home & Kitchen,14,1482.66,20757.27,334.21,False
2026-11-22,West,Beauty,17,626.09,10643.58,231.82,False
2026-11-22,West,Sports,12,1061.94,12743.3,380.62,False
2026-11-23,North,Electronics,15,3465.76,51986.44,564.57,False
2026-11-23,North,Apparel,14,865.39,12115.52,295.89,False
2026-11-23,North,Home & Kitchen,13,1609.8,20927.34,293.52,False
2026-11-23,North,Beauty,18,688.79,12398.15,202.46,False
2026-11-23,North,Sports,11,1167.66,12844.25,311.11,False
2026-11-23,South,Electronics,13,3070.38,39914.93,556.04,False
2026-11-23,South,Apparel,26,880.25,22886.59,342.98,False
2026-11-23,South,Home & Kitchen,8,1536.87,12294.96,361.6,False
2026-11-23,South,Beauty,20,647.14,12942.84,353.48,False
2026-11-23,South,Sports,8,1122.54,8980.3,303.41,False
2026-11-23,East,Electronics,16,3226.21,51619.39,537.85,False
2026-11-23,East,Apparel,17,920.87,15654.83,281.84,False
2026-11-23,East,Home & Kitchen,23,1565.68,36010.53,321.26,False
2026-11-23,East,Beauty,14,674.22,9439.07,281.93,False
2026-11-23,East,Sports,7,1069.84,7488.86,376.28,False
2026-11-23,West,Electronics,0,3179.9,0.0,450.47,True
2026-11-23,West,Apparel,18,838.95,15101.04,219.84,False
2026-11-23,West,Home & Kitchen,12,1470.12,17641.38,414.32,False
2026-11-23,West,Beauty,27,717.37,19368.93,243.58,False
2026-11-23,West,Sports,15,1168.76,17531.35,348.13,False
2026-11-24,North,Electronics,8,3377.27,27018.13,521.7,False
2026-11-24,North,Apparel,26,918.42,23878.8,318.01,False
2026-11-24,North,Home & Kitchen,15,1539.99,23099.89,292.31,False
2026-11-24,North,Beauty,16,686.1,10977.64,387.08,False
2026-11-24,North,Sports,12,1117.07,13404.8,346.47,False
2026-11-24,South,Electronics,8,3033.69,24269.5,493.51,False
2026-11-24,South,Apparel,18,905.38,16296.78,294.26,False
2026-11-24,South,Home & Kitchen,10,1527.39,15273.87,258.2,False
2026-11-24,South,Beauty,17,643.76,10943.86,248.3,False
2026-11-24,South,Sports,8,1074.92,8599.4,258.01,False
2026-11-24,East,Electronics,15,3405.08,51076.24,522.12,False
2026-11-24,East,Apparel,21,829.68,17423.23,316.93,False
2026-11-24,East,Home & Kitchen,12,1393.68,16724.17,275.16,False
2026-11-24,East,Beauty,27,613.12,16554.35,442.06,False
2026-11-24,East,Sports,4,1054.36,4217.42,237.84,False
2026-11-24,West,Electronics,0,3365.19,0.0,476.83,True
2026-11-24,West,Apparel,23,918.29,21120.59,314.42,False
2026-11-24,West,Home & Kitchen,11,1505.89,16564.78,289.1,False
2026-11-24,West,Beauty,18,669.89,12058.01,326.47,False
2026-11-24,West,Sports,6,1115.47,6692.82,314.22,False
2026-11-25,North,Electronics,12,3200.22,38402.68,521.8,False
2026-11-25,North,Apparel,23,875.73,20141.68,448.76,False
2026-11-25,North,Home & Kitchen,9,1511.11,13600.02,346.36,False
2026-11-25,North,Beauty,23,622.98,14328.64,332.53,False
2026-11-25,North,Sports,13,1123.62,14607.07,286.65,False
2026-11-25,South,Electronics,14,3011.74,42164.3,529.07,False
2026-11-25,South,Apparel,21,912.48,19162.17,284.6,False
2026-11-25,South,Home & Kitchen,14,1522.05,21308.64,304.74,False
2026-11-25,South,Beauty,11,650.33,7153.65,328.83,False
2026-11-25,South,Sports,9,1152.35,10371.13,318.54,False
2026-11-25,East,Electronics,8,2909.4,23275.16,624.57,False
2026-11-25,East,Apparel,19,912.58,17339.03,243.14,False
2026-11-25,East,Home & Kitchen,11,1415.2,15567.24,173.7,False
2026-11-25,East,Beauty,10,643.22,6432.22,361.28,False
2026-11-25,East,Sports,8,1142.09,9136.74,300.99,False
2026-11-25,West,Electronics,0,2924.6,0.0,473.78,True
2026-11-25,West,Apparel,16,837.82,13405.07,195.39,False
2026-11-25,West,Home & Kitchen,15,1410.76,21161.33,233.78,False
2026-11-25,West,Beauty,10,604.65,6046.51,385.46,False
2026-11-25,West,Sports,8,1077.06,8616.48,387.89,False
2026-11-26,North,Electronics,17,3125.29,53129.88,503.04,False
2026-11-26,North,Apparel,25,896.56,22414.02,264.98,False
2026-11-26,North,Home & Kitchen,11,1487.8,16365.82,326.97,False
2026-11-26,North,Beauty,16,664.14,10626.19,335.22,False
2026-11-26,North,Sports,14,1100.64,15408.99,244.04,False
2026-11-26,South,Electronics,11,3249.58,35745.35,349.79,False
2026-11-26,South,Apparel,16,834.85,13357.62,130.14,False
2026-11-26,South,Home & Kitchen,11,1306.5,14371.53,249.39,False
2026-11-26,South,Beauty,15,700.91,10513.58,286.97,False
2026-11-26,South,Sports,12,1053.93,12647.11,386.03,False
2026-11-26,East,Electronics,12,3265.15,39181.79,460.98,False
2026-11-26,East,Apparel,26,918.67,23885.33,232.48,False
2026-11-26,East,Home & Kitchen,10,1595.48,15954.79,348.81,False
2026-11-26,East,Beauty,21,671.4,14099.34,303.5,False
2026-11-26,East,Sports,2,1121.45,2242.91,253.27,False
2026-11-26,West,Electronics,0,3109.55,0.0,411.61,True
2026-11-26,West,Apparel,24,851.78,20442.79,285.54,False
2026-11-26,West,Home & Kitchen,11,1435.08,15785.93,218.76,False
2026-11-26,West,Beauty,21,643.95,13522.97,280.44,False
2026-11-26,West,Sports,7,1170.34,8192.36,204.03,False
2026-11-27,North,Electronics,13,3378.4,43919.14,377.43,False
2026-11-27,North,Apparel,17,946.45,16089.71,365.05,False
2026-11-27,North,Home & Kitchen,10,1449.77,14497.7,347.24,False
2026-11-27,North,Beauty,19,663.97,12615.41,246.17,False
2026-11-27,North,Sports,8,1071.73,8573.86,270.51,False
2026-11-27,South,Electronics,19,3258.17,61905.23,437.97,False
2026-11-27,South,Apparel,16,835.61,13369.73,407.66,False
2026-11-27,South,Home & Kitchen,16,1432.65,22922.47,313.68,False
2026-11-27,South,Beauty,20,637.82,12756.4,397.31,False
2026-11-27,South,Sports,6,1044.48,6266.9,212.48,False
2026-11-27,East,Electronics,13,3335.89,43366.61,483.56,False
2026-11-27,East,Apparel,24,848.47,20363.32,252.31,False
2026-11-27,East,Home & Kitchen,9,1454.18,13087.66,226.39,False
2026-11-27,East,Beauty,11,703.28,7736.06,288.7,False
2026-11-27,East,Sports,8,1111.63,8893.05,223.17,False
2026-11-27,West,Electronics,0,3217.75,0.0,452.18,True
2026-11-27,West,Apparel,19,895.18,17008.46,318.65,False
2026-11-27,West,Home & Kitchen,14,1547.54,21665.51,192.43,False
2026-11-27,West,Beauty,10,690.9,6909.03,353.46,False
2026-11-27,West,Sports,9,1090.78,9817.04,225.15,False
2026-11-28,North,Electronics,21,3169.96,66569.2,597.08,False
2026-11-28,North,Apparel,17,886.56,15071.56,342.43,False
2026-11-28,North,Home & Kitchen,15,1549.14,23237.13,352.26,False
2026-11-28,North,Beauty,20,651.18,13023.56,293.07,False
2026-11-28,North,Sports,11,1009.95,11109.42,263.08,False
2026-11-28,South,Electronics,22,3311.1,72844.12,470.7,False
2026-11-28,South,Apparel,26,883.85,22980.08,391.88,False
2026-11-28,South,Home & Kitchen,13,1544.13,20073.65,281.19,False
2026-11-28,South,Beauty,19,671.11,12751.13,270.01,False
2026-11-28,South,Sports,9,1117.57,10058.12,360.47,False
2026-11-28,East,Electronics,12,3342.72,40112.6,456.56,False
2026-11-28,East,Apparel,25,883.65,22091.29,215.25,False
2026-11-28,East,Home & Kitchen,19,1408.62,26763.76,426.71,False
2026-11-28,East,Beauty,19,666.13,12656.51,132.78,False
2026-11-28,East,Sports,14,1090.94,15273.1,232.0,False
2026-11-28,West,Electronics,0,2934.91,0.0,494.59,True
2026-11-28,West,Apparel,23,849.95,19548.84,291.64,False
2026-11-28,West,Home & Kitchen,19,1428.7,27145.29,331.15,False
2026-11-28,West,Beauty,18,625.89,11266.05,308.19,False
2026-11-28,West,Sports,9,1164.59,10481.35,296.41,False
2026-11-29,North,Electronics,24,3177.26,76254.24,490.99,False
2026-11-29,North,Apparel,22,911.54,20053.9,423.81,False
2026-11-29,North,Home & Kitchen,11,1507.87,16586.6,239.66,False
2026-11-29,North,Beauty,17,634.99,10794.89,285.41,False
2026-11-29,North,Sports,10,1130.05,11300.54,310.9,False
2026-11-29,South,Electronics,17,3104.94,52784.0,446.42,False
2026-11-29,South,Apparel,21,895.38,18802.9,384.54,False
2026-11-29,South,Home & Kitchen,14,1496.94,20957.17,365.53,False
2026-11-29,South,Beauty,16,606.97,9711.59,246.01,False
2026-11-29,South,Sports,14,1159.09,16227.28,329.98,False
2026-11-29,East,Electronics,13,3442.68,44754.87,584.68,False
2026-11-29,East,Apparel,23,876.74,20164.96,308.09,False
2026-11-29,East,Home & Kitchen,20,1608.62,32172.4,294.26,False
2026-11-29,East,Beauty,12,653.31,7839.66,254.35,False
2026-11-29,East,Sports,12,1130.37,13564.45,236.39,False
2026-11-29,West,Electronics,0,3419.95,0.0,510.29,True
2026-11-29,West,Apparel,31,951.31,29490.75,287.47,False
2026-11-29,West,Home & Kitchen,14,1554.3,21760.17,331.86,False
2026-11-29,West,Beauty,27,679.58,18348.64,380.75,False
2026-11-29,West,Sports,13,1060.22,13782.84,349.78,False
2026-11-30,North,Electronics,13,3269.85,42508.03,467.29,False
2026-11-30,North,Apparel,17,959.74,16315.63,319.13,False
2026-11-30,North,Home & Kitchen,14,1558.33,21816.66,274.31,False
2026-11-30,North,Beauty,22,712.8,15681.64,244.6,False
2026-11-30,North,Sports,8,1027.93,8223.46,241.11,False
2026-11-30,South,Electronics,11,3150.54,34655.99,501.1,False
2026-11-30,South,Apparel,18,872.57,15706.35,265.19,False
2026-11-30,South,Home & Kitchen,16,1444.06,23104.93,228.34,False
2026-11-30,South,Beauty,22,623.28,13712.15,290.33,False
2026-11-30,South,Sports,3,1120.0,3359.99,350.75,False
2026-11-30,East,Electronics,15,3402.8,51042.06,579.86,False
2026-11-30,East,Apparel,15,925.58,13883.63,415.22,False
2026-11-30,East,Home & Kitchen,7,1459.14,10213.95,330.75,False
2026-11-30,East,Beauty,15,613.33,9199.97,347.59,False
2026-11-30,East,Sports,11,1185.81,13043.91,277.05,False
2026-11-30,West,Electronics,0,3225.35,0.0,633.31,True
2026-11-30,West,Apparel,21,967.35,20314.4,281.54,False
2026-11-30,West,Home & Kitchen,10,1425.2,14252.05,192.0,False
2026-11-30,West,Beauty,21,680.69,14294.57,337.76,False
2026-11-30,West,Sports,13,1138.94,14806.18,383.47,False
2026-12-01,North,Electronics,14,3038.12,42533.67,563.27,False
2026-12-01,North,Apparel,14,878.6,12300.44,290.28,False
2026-12-01,North,Home & Kitchen,9,1560.24,14042.13,322.25,False
2026-12-01,North,Beauty,16,696.66,11146.6,417.29,False
2026-12-01,North,Sports,10,1040.09,10400.87,313.2,False
2026-12-01,South,Electronics,11,2994.42,32938.6,523.07,False
2026-12-01,South,Apparel,17,923.98,15707.63,361.32,False
2026-12-01,South,Home & Kitchen,7,1460.25,10221.76,314.73,False
2026-12-01,South,Beauty,18,636.24,11452.27,283.26,False
2026-12-01,South,Sports,11,1061.08,11671.84,342.86,False
2026-12-01,East,Electronics,12,3424.39,41092.74,528.44,False
2026-12-01,East,Apparel,14,920.56,12887.89,317.99,False
2026-12-01,East,Home & Kitchen,17,1442.05,24514.78,349.09,False
2026-12-01,East,Beauty,21,695.87,14613.28,319.83,False
2026-12-01,East,Sports,13,1055.2,13717.62,320.28,False
2026-12-01,West,Electronics,0,3297.83,0.0,514.67,True
2026-12-01,West,Apparel,19,893.73,16980.93,253.83,False
2026-12-01,West,Home & Kitchen,19,1610.66,30602.51,284.44,False
2026-12-01,West,Beauty,16,661.68,10586.89,292.14,False
2026-12-01,West,Sports,13,1023.54,13306.01,319.66,False
2026-12-02,North,Electronics,14,3082.58,43156.16,591.3,False
2026-12-02,North,Apparel,11,883.84,9722.24,238.78,False
2026-12-02,North,Home & Kitchen,16,1514.85,24237.61,328.72,False
2026-12-02,North,Beauty,23,637.82,14669.9,287.65,False
2026-12-02,North,Sports,14,1136.93,15917.0,412.92,False
2026-12-02,South,Electronics,8,3038.21,24305.7,533.0,False
2026-12-02,South,Apparel,14,891.13,12475.86,205.7,False
2026-12-02,South,Home & Kitchen,15,1444.67,21670.03,280.45,False
2026-12-02,South,Beauty,21,650.07,13651.46,195.0,False
2026-12-02,South,Sports,10,1081.65,10816.46,325.26,False
2026-12-02,East,Electronics,12,3388.99,40667.87,522.39,False
2026-12-02,East,Apparel,23,871.29,20039.58,431.53,False
2026-12-02,East,Home & Kitchen,13,1370.45,17815.79,319.58,False
2026-12-02,East,Beauty,15,619.8,9296.99,407.86,False
2026-12-02,East,Sports,10,1054.99,10549.87,392.95,False
2026-12-02,West,Electronics,0,3214.85,0.0,569.82,True
2026-12-02,West,Apparel,16,846.79,13548.57,274.02,False
2026-12-02,West,Home & Kitchen,17,1448.33,24621.6,356.04,False
2026-12-02,West,Beauty,21,662.66,13915.87,300.37,False
2026-12-02,West,Sports,12,1052.93,12635.15,276.26,False
2026-12-03,North,Electronics,6,3121.63,18729.79,401.05,False
2026-12-03,North,Apparel,26,957.29,24889.43,286.06,False
2026-12-03,North,Home & Kitchen,11,1496.46,16461.11,291.82,False
2026-12-03,North,Beauty,11,633.69,6970.58,158.4,False
2026-12-03,North,Sports,11,1052.68,11579.53,325.33,False
2026-12-03,South,Electronics,8,3261.9,26095.21,475.99,False
2026-12-03,South,Apparel,17,927.01,15759.21,311.24,False
2026-12-03,South,Home & Kitchen,9,1461.46,13153.1,208.86,False
2026-12-03,South,Beauty,15,636.08,9541.21,324.55,False
2026-12-03,South,Sports,6,1067.95,6407.69,264.22,False
2026-12-03,East,Electronics,12,3198.56,38382.76,423.2,False
2026-12-03,East,Apparel,13,989.25,12860.23,229.59,False
2026-12-03,East,Home & Kitchen,11,1464.65,16111.16,383.48,False
2026-12-03,East,Beauty,18,626.05,11268.83,245.41,False
2026-12-03,East,Sports,12,1029.5,12353.96,437.61,False
2026-12-03,West,Electronics,0,3119.84,0.0,483.98,True
2026-12-03,West,Apparel,26,899.47,23386.34,348.29,False
2026-12-03,West,Home & Kitchen,15,1499.41,22491.17,313.88,False
2026-12-03,West,Beauty,15,658.39,9875.82,290.52,False
2026-12-03,West,Sports,8,1075.41,8603.29,345.89,False
2026-12-04,North,Electronics,17,3122.74,53086.5,539.99,False
2026-12-04,North,Apparel,22,847.56,18646.39,240.94,False
2026-12-04,North,Home & Kitchen,16,1543.78,24700.44,244.03,False
2026-12-04,North,Beauty,20,671.32,13426.34,350.88,False
2026-12-04,North,Sports,13,1073.13,13950.65,314.18,False
2026-12-04,South,Electronics,13,3141.14,40834.81,486.07,False
2026-12-04,South,Apparel,17,911.26,15491.48,237.07,False
2026-12-04,South,Home & Kitchen,9,1555.92,14003.28,230.94,False
2026-12-04,South,Beauty,11,695.46,7650.09,216.71,False
2026-12-04,South,Sports,11,1174.81,12922.9,285.84,False
2026-12-04,East,Electronics,20,3450.31,69006.24,593.42,False
2026-12-04,East,Apparel,14,882.21,12350.91,406.97,False
2026-12-04,East,Home & Kitchen,9,1490.26,13412.3,255.03,False
2026-12-04,East,Beauty,18,674.81,12146.59,246.69,False
2026-12-04,East,Sports,9,1054.75,9492.79,260.66,False
2026-12-04,West,Electronics,18,3061.79,55112.15,427.33,False
2026-12-04,West,Apparel,25,880.04,22000.96,264.16,False
2026-12-04,West,Home & Kitchen,20,1478.54,29570.88,267.3,False
2026-12-04,West,Beauty,19,677.32,12869.04,230.86,False
2026-12-04,West,Sports,8,1176.25,9409.99,248.83,False
2026-12-05,North,Electronics,23,3013.22,69304.03,452.76,False
2026-12-05,North,Apparel,25,891.86,22296.58,201.1,False
2026-12-05,North,Home & Kitchen,14,1418.51,19859.07,278.69,False
2026-12-05,North,Beauty,14,658.88,9224.31,208.73,False
2026-12-05,North,Sports,7,1102.45,7717.14,367.49,False
2026-12-05,South,Electronics,17,3375.69,57386.66,610.45,False
2026-12-05,South,Apparel,24,937.62,22502.92,295.31,False
2026-12-05,South,Home & Kitchen,17,1466.26,24926.45,325.16,False
2026-12-05,South,Beauty,23,624.27,14358.19,260.85,False
2026-12-05,South,Sports,13,1133.0,14728.95,326.41,False
2026-12-05,East,Electronics,14,3252.84,45539.78,516.65,False
2026-12-05,East,Apparel,30,849.44,25483.22,252.59,False
2026-12-05,East,Home & Kitchen,10,1599.25,15992.46,169.86,False
2026-12-05,East,Beauty,18,676.33,12173.95,330.39,False
2026-12-05,East,Sports,15,1122.69,16840.33,287.04,False
2026-12-05,West,Electronics,15,3123.77,46856.62,434.84,False
2026-12-05,West,Apparel,26,829.46,21566.01,253.2,False
2026-12-05,West,Home & Kitchen,13,1571.84,20433.91,228.83,False
2026-12-05,West,Beauty,16,672.32,10757.11,217.82,False
2026-12-05,West,Sports,11,1117.54,12292.93,365.66,False
2026-12-06,North,Electronics,17,3220.37,54746.23,492.12,False
2026-12-06,North,Apparel,31,910.07,28212.15,311.7,False
2026-12-06,North,Home & Kitchen,18,1561.67,28110.06,340.64,False
2026-12-06,North,Beauty,15,626.3,9394.54,305.79,False
2026-12-06,North,Sports,20,1134.47,22689.33,369.18,False
2026-12-06,South,Electronics,18,3145.52,56619.4,604.5,False
2026-12-06,South,Apparel,22,936.27,20597.91,308.63,False
2026-12-06,South,Home & Kitchen,11,1498.8,16486.8,391.57,False
2026-12-06,South,Beauty,26,626.93,16300.14,168.3,False
2026-12-06,South,Sports,11,1139.84,12538.2,323.35,False
2026-12-06,East,Electronics,6,3110.15,18660.91,428.06,False
2026-12-06,East,Apparel,22,897.42,19743.18,285.67,False
2026-12-06,East,Home & Kitchen,14,1533.27,21465.78,417.92,False
2026-12-06,East,Beauty,16,628.72,10059.46,203.94,False
2026-12-06,East,Sports,7,1130.85,7915.96,372.68,False
2026-12-06,West,Electronics,19,3242.94,61615.85,407.36,False
2026-12-06,West,Apparel,24,915.49,21971.76,211.63,False
2026-12-06,West,Home & Kitchen,13,1538.94,20006.27,383.88,False
2026-12-06,West,Beauty,31,627.06,19438.81,272.77,False
2026-12-06,West,Sports,15,1148.48,17227.16,232.91,False
2026-12-07,North,Electronics,13,3179.8,41337.4,454.89,False
2026-12-07,North,Apparel,22,900.42,19809.26,350.87,False
2026-12-07,North,Home & Kitchen,14,1497.68,20967.5,293.75,False
2026-12-07,North,Beauty,19,659.43,12529.25,308.51,False
2026-12-07,North,Sports,17,1139.44,19370.45,315.32,False
2026-12-07,South,Electronics,8,3244.09,25952.74,564.91,False
2026-12-07,South,Apparel,27,900.83,24322.52,269.63,False
2026-12-07,South,Home & Kitchen,12,1395.55,16746.54,340.64,False
2026-12-07,South,Beauty,13,625.29,8128.76,345.09,False
2026-12-07,South,Sports,9,1119.4,10074.58,164.64,False
2026-12-07,East,Electronics,20,3407.75,68155.02,581.76,False
2026-12-07,East,Apparel,20,898.54,17970.75,300.89,False
2026-12-07,East,Home & Kitchen,20,1501.0,30020.02,304.41,False
2026-12-07,East,Beauty,15,692.58,10388.72,185.36,False
2026-12-07,East,Sports,11,1118.76,12306.39,304.02,False
2026-12-07,West,Electronics,19,3195.57,60715.84,465.08,False
2026-12-07,West,Apparel,22,886.54,19503.98,267.5,False
2026-12-07,West,Home & Kitchen,11,1521.57,16737.23,285.64,False
2026-12-07,West,Beauty,14,658.24,9215.37,248.14,False
2026-12-07,West,Sports,10,1107.51,11075.06,212.79,False
2026-12-08,North,Electronics,15,3154.91,47323.71,509.12,False
2026-12-08,North,Apparel,16,908.37,14533.89,285.22,False
2026-12-08,North,Home & Kitchen,12,1376.66,16519.89,333.81,False
2026-12-08,North,Beauty,17,631.0,10727.0,313.57,False
2026-12-08,North,Sports,11,1105.05,12155.59,302.23,False
2026-12-08,South,Electronics,10,3177.95,31779.45,474.64,False
2026-12-08,South,Apparel,18,900.87,16215.7,328.76,False
2026-12-08,South,Home & Kitchen,7,1525.11,10675.74,384.67,False
2026-12-08,South,Beauty,11,647.65,7124.13,413.01,False
2026-12-08,South,Sports,11,1084.84,11933.27,371.45,False
2026-12-08,East,Electronics,12,3150.31,37803.68,493.33,False
2026-12-08,East,Apparel,20,918.21,18364.27,242.26,False
2026-12-08,East,Home & Kitchen,15,1540.21,23103.09,328.59,False
2026-12-08,East,Beauty,20,660.09,13201.88,242.32,False
2026-12-08,East,Sports,8,1070.09,8560.72,385.53,False
2026-12-08,West,Electronics,11,3165.24,34817.67,507.98,False
2026-12-08,West,Apparel,31,944.52,29280.01,297.19,False
2026-12-08,West,Home & Kitchen,8,1563.08,12504.62,227.79,False
2026-12-08,West,Beauty,16,613.91,9822.64,415.13,False
2026-12-08,West,Sports,9,1084.55,9760.95,153.15,False
2026-12-09,North,Electronics,11,3234.65,35581.19,431.18,False
2026-12-09,North,Apparel,21,880.07,18481.48,254.35,False
2026-12-09,North,Home & Kitchen,16,1466.84,23469.49,172.23,False
2026-12-09,North,Beauty,17,643.44,10938.47,291.96,False
2026-12-09,North,Sports,12,1127.83,13533.92,259.93,False
2026-12-09,South,Electronics,15,3169.08,47536.23,549.21,False
2026-12-09,South,Apparel,19,926.93,17611.65,290.07,False
2026-12-09,South,Home & Kitchen,9,1535.36,13818.24,276.53,False
2026-12-09,South,Beauty,14,652.99,9141.85,320.27,False
2026-12-09,South,Sports,5,1130.37,5651.87,360.27,False
2026-12-09,East,Electronics,13,3280.79,42650.3,617.43,False
2026-12-09,East,Apparel,21,892.28,18737.83,277.92,False
2026-12-09,East,Home & Kitchen,12,1438.44,17261.25,310.19,False
2026-12-09,East,Beauty,16,620.46,9927.44,311.66,False
2026-12-09,East,Sports,16,1107.56,17720.94,348.0,False
2026-12-09,West,Electronics,18,3159.3,56867.4,570.55,False
2026-12-09,West,Apparel,25,873.4,21835.07,322.87,False
2026-12-09,West,Home & Kitchen,5,1514.67,7573.34,392.97,False
2026-12-09,West,Beauty,11,691.36,7604.98,319.52,False
2026-12-09,West,Sports,14,1090.99,15273.92,351.67,False
2026-12-10,North,Electronics,13,3019.66,39255.54,496.61,False
2026-12-10,North,Apparel,24,860.13,20643.11,388.78,False
2026-12-10,North,Home & Kitchen,19,1514.9,28783.11,401.21,False
2026-12-10,North,Beauty,17,661.85,11251.53,218.35,False
2026-12-10,North,Sports,16,1157.29,18516.6,326.25,False
2026-12-10,South,Electronics,12,3039.95,36479.37,485.22,False
2026-12-10,South,Apparel,23,841.0,19342.92,226.31,False
2026-12-10,South,Home & Kitchen,10,1523.03,15230.33,242.08,False
2026-12-10,South,Beauty,17,700.9,11915.3,346.22,False
2026-12-10,South,Sports,12,1116.76,13401.07,280.56,False
2026-12-10,East,Electronics,18,3327.54,59895.8,525.66,False
2026-12-10,East,Apparel,13,896.81,11658.47,245.3,False
2026-12-10,East,Home & Kitchen,14,1530.69,21429.59,257.98,False
2026-12-10,East,Beauty,12,607.55,7290.65,291.89,False
2026-12-10,East,Sports,8,1071.97,8575.75,254.31,False
2026-12-10,West,Electronics,11,3329.82,36628.05,588.24,False
2026-12-10,West,Apparel,24,893.41,21441.73,328.87,False
2026-12-10,West,Home & Kitchen,10,1520.35,15203.51,298.42,False
2026-12-10,West,Beauty,21,670.96,14090.25,254.58,False
2026-12-10,West,Sports,13,1059.76,13776.88,293.19,False
2026-12-11,North,Electronics,15,2999.81,44997.16,462.33,False
2026-12-11,North,Apparel,22,910.04,20020.78,333.63,False
2026-12-11,North,Home & Kitchen,14,1422.39,19913.41,238.32,False
2026-12-11,North,Beauty,13,656.04,8528.51,213.04,False
2026-12-11,North,Sports,13,1052.96,13688.42,262.48,False
2026-12-11,South,Electronics,10,3178.5,31784.95,548.91,False
2026-12-11,South,Apparel,21,967.44,20316.28,202.62,False
2026-12-11,South,Home & Kitchen,15,1585.61,23784.21,280.69,False
2026-12-11,South,Beauty,17,635.17,10797.97,243.2,False
2026-12-11,South,Sports,8,1119.38,8955.03,330.55,False
2026-12-11,East,Electronics,11,3301.27,36313.93,466.21,False
2026-12-11,East,Apparel,11,869.71,9566.81,258.33,False
2026-12-11,East,Home & Kitchen,7,1471.84,10302.85,378.09,False
2026-12-11,East,Beauty,25,638.73,15968.26,426.84,False
2026-12-11,East,Sports,7,1190.62,8334.33,245.39,False
2026-12-11,West,Electronics,19,3260.74,61954.07,561.73,False
2026-12-11,West,Apparel,20,865.03,17300.56,219.76,False
2026-12-11,West,Home & Kitchen,13,1503.2,19541.61,343.05,False
2026-12-11,West,Beauty,13,698.94,9086.22,278.03,False
2026-12-11,West,Sports,12,1077.77,12933.21,258.88,False
2026-12-12,North,Electronics,11,3188.22,35070.37,625.99,False
2026-12-12,North,Apparel,20,891.28,17825.68,234.54,False
2026-12-12,North,Home & Kitchen,24,1554.62,37310.97,276.91,False
2026-12-12,North,Beauty,24,642.39,15417.28,229.82,False
2026-12-12,North,Sports,17,1139.7,19374.83,257.08,False
2026-12-12,South,Electronics,21,3247.56,68198.75,542.0,False
2026-12-12,South,Apparel,22,856.51,18843.12,376.02,False
2026-12-12,South,Home & Kitchen,9,1469.12,13222.06,252.56,False
2026-12-12,South,Beauty,17,629.42,10700.2,240.38,False
2026-12-12,South,Sports,5,1004.66,5023.32,370.19,False
2026-12-12,East,Electronics,12,3113.47,37361.65,619.52,False
2026-12-12,East,Apparel,27,889.16,24007.34,305.38,False
2026-12-12,East,Home & Kitchen,15,1499.92,22498.74,217.37,False
2026-12-12,East,Beauty,14,632.58,8856.16,340.37,False
2026-12-12,East,Sports,10,1090.42,10904.19,371.65,False
2026-12-12,West,Electronics,20,3357.75,67155.02,609.8,False
2026-12-12,West,Apparel,27,916.48,24745.08,349.05,False
2026-12-12,West,Home & Kitchen,20,1531.33,30626.67,244.9,False
2026-12-12,West,Beauty,28,652.73,18276.47,333.34,False
2026-12-12,West,Sports,14,1095.52,15337.28,273.97,False
2026-12-13,North,Electronics,15,3132.07,46981.11,466.25,False
2026-12-13,North,Apparel,22,914.66,20122.43,392.8,False
2026-12-13,North,Home & Kitchen,20,1533.55,30670.99,332.59,False
2026-12-13,North,Beauty,20,632.94,12658.82,211.77,False
2026-12-13,North,Sports,14,1119.31,15670.33,247.18,False
2026-12-13,South,Electronics,12,3267.73,39212.82,574.78,False
2026-12-13,South,Apparel,20,926.86,18537.24,245.97,False
2026-12-13,South,Home & Kitchen,9,1348.48,12136.28,279.36,False
2026-12-13,South,Beauty,10,569.32,5693.2,248.95,False
2026-12-13,South,Sports,14,1122.72,15718.08,361.58,False
2026-12-13,East,Electronics,18,3144.2,56595.55,452.56,False
2026-12-13,East,Apparel,31,860.83,26685.79,259.99,False
2026-12-13,East,Home & Kitchen,15,1441.47,21622.07,331.43,False
2026-12-13,East,Beauty,15,601.72,9025.86,317.45,False
2026-12-13,East,Sports,11,1144.95,12594.5,296.44,False
2026-12-13,West,Electronics,13,3077.57,40008.44,481.01,False
2026-12-13,West,Apparel,22,848.48,18666.53,270.91,False
2026-12-13,West,Home & Kitchen,24,1505.73,36137.44,300.09,False
2026-12-13,West,Beauty,24,618.66,14847.83,300.71,False
2026-12-13,West,Sports,15,1107.81,16617.16,268.27,False
2026-12-14,North,Electronics,16,3259.41,52150.61,494.05,False
2026-12-14,North,Apparel,21,873.56,18344.84,342.45,False
2026-12-14,North,Home & Kitchen,10,1486.01,14860.12,226.81,False
2026-12-14,North,Beauty,12,696.76,8361.07,430.01,False
2026-12-14,North,Sports,14,974.02,13636.27,355.1,False
2026-12-14,South,Electronics,14,3043.05,42602.77,494.66,False
2026-12-14,South,Apparel,16,909.83,14557.24,339.83,False
2026-12-14,South,Home & Kitchen,10,1537.9,15379.04,228.78,False
2026-12-14,South,Beauty,15,662.1,9931.54,316.84,False
2026-12-14,South,Sports,9,1072.65,9653.89,262.31,False
2026-12-14,East,Electronics,11,3224.64,35471.06,437.05,False
2026-12-14,East,Apparel,22,844.12,18570.54,326.46,False
2026-12-14,East,Home & Kitchen,10,1618.32,16183.16,242.73,False
2026-12-14,East,Beauty,15,630.02,9450.26,300.38,False
2026-12-14,East,Sports,8,1110.32,8882.6,292.57,False
2026-12-14,West,Electronics,14,3185.7,44599.85,470.26,False
2026-12-14,West,Apparel,18,939.31,16907.61,373.61,False
2026-12-14,West,Home & Kitchen,12,1499.96,17999.54,296.16,False
2026-12-14,West,Beauty,18,668.69,12036.4,314.67,False
2026-12-14,West,Sports,13,1129.25,14680.28,217.35,False
2026-12-15,North,Electronics,17,3101.12,52718.98,445.8,False
2026-12-15,North,Apparel,26,848.41,22058.63,452.69,False
2026-12-15,North,Home & Kitchen,8,1459.81,11678.48,289.61,False
2026-12-15,North,Beauty,12,647.93,7775.22,411.31,False
2026-12-15,North,Sports,16,1144.97,18319.47,371.71,False
2026-12-15,South,Electronics,13,3174.91,41273.84,565.48,False
2026-12-15,South,Apparel,17,961.17,16339.87,276.96,False
2026-12-15,South,Home & Kitchen,11,1432.65,15759.17,337.34,False
2026-12-15,South,Beauty,18,652.57,11746.26,233.97,False
2026-12-15,South,Sports,8,1099.74,8797.89,319.96,False
2026-12-15,East,Electronics,11,3160.9,34769.88,494.15,False
2026-12-15,East,Apparel,22,923.19,20310.23,319.02,False
2026-12-15,East,Home & Kitchen,10,1435.87,14358.74,214.34,False
2026-12-15,East,Beauty,14,592.47,8294.55,371.62,False
2026-12-15,East,Sports,8,1003.09,8024.71,285.89,False
2026-12-15,West,Electronics,15,3156.83,47352.45,383.42,False
2026-12-15,West,Apparel,19,832.76,15822.53,317.01,False
2026-12-15,West,Home & Kitchen,11,1465.32,16118.49,205.61,False
2026-12-15,West,Beauty,15,660.25,9903.68,301.86,False
2026-12-15,West,Sports,11,1102.48,12127.24,271.21,False
2026-12-16,North,Electronics,23,3128.71,71960.32,410.66,False
2026-12-16,North,Apparel,23,902.59,20759.67,441.16,False
2026-12-16,North,Home & Kitchen,15,1467.71,22015.69,364.26,False
2026-12-16,North,Beauty,11,702.54,7727.96,283.28,False
2026-12-16,North,Sports,13,1139.09,14808.2,266.36,False
2026-12-16,South,Electronics,9,3270.23,29432.03,461.38,False
2026-12-16,South,Apparel,19,880.73,16733.83,276.81,False
2026-12-16,South,Home & Kitchen,8,1520.71,12165.71,396.81,False
2026-12-16,South,Beauty,10,657.11,6571.15,175.59,False
2026-12-16,South,Sports,10,1119.56,11195.61,252.24,False
2026-12-16,East,Electronics,17,3357.7,57080.87,579.66,False
2026-12-16,East,Apparel,17,883.84,15025.34,191.55,False
2026-12-16,East,Home & Kitchen,19,1493.5,28376.55,384.73,False
2026-12-16,East,Beauty,16,671.28,10740.42,271.38,False
2026-12-16,East,Sports,13,1154.65,15010.48,270.44,False
2026-12-16,West,Electronics,24,3365.92,80781.97,498.5,False
2026-12-16,West,Apparel,20,886.01,17720.16,381.33,False
2026-12-16,West,Home & Kitchen,15,1502.07,22531.1,363.76,False
2026-12-16,West,Beauty,14,662.94,9281.14,293.01,False
2026-12-16,West,Sports,13,1135.94,14767.17,319.04,False
2026-12-17,North,Electronics,11,2920.6,32126.6,523.7,False
2026-12-17,North,Apparel,16,892.96,14287.43,206.65,False
2026-12-17,North,Home & Kitchen,14,1527.73,21388.21,155.22,False
2026-12-17,North,Beauty,12,677.29,8127.52,218.6,False
2026-12-17,North,Sports,11,1038.87,11427.61,212.74,False
2026-12-17,South,Electronics,9,3265.75,29391.72,545.02,False
2026-12-17,South,Apparel,14,894.66,12525.22,273.51,False
2026-12-17,South,Home & Kitchen,11,1522.96,16752.58,284.1,False
2026-12-17,South,Beauty,15,625.97,9389.48,353.54,False
2026-12-17,South,Sports,10,1097.5,10975.02,232.73,False
2026-12-17,East,Electronics,7,3046.36,21324.51,534.46,False
2026-12-17,East,Apparel,15,895.5,13432.51,353.48,False
2026-12-17,East,Home & Kitchen,13,1519.32,19751.16,321.28,False
2026-12-17,East,Beauty,22,633.98,13947.66,340.08,False
2026-12-17,East,Sports,10,1087.91,10879.15,386.87,False
2026-12-17,West,Electronics,31,3091.67,95841.64,648.53,False
2026-12-17,West,Apparel,26,904.56,23518.47,204.63,False
2026-12-17,West,Home & Kitchen,11,1505.14,16556.58,161.98,False
2026-12-17,West,Beauty,15,665.29,9979.41,373.08,False
2026-12-17,West,Sports,9,1098.05,9882.42,395.53,False
2026-12-18,North,Electronics,16,3308.7,52939.27,473.39,False
2026-12-18,North,Apparel,19,956.7,18177.32,274.13,False
2026-12-18,North,Home & Kitchen,11,1495.6,16451.6,296.19,False
2026-12-18,North,Beauty,18,661.15,11900.63,222.05,False
2026-12-18,North,Sports,12,1102.92,13235.08,388.77,False
2026-12-18,South,Electronics,10,3551.54,35515.35,474.01,False
2026-12-18,South,Apparel,20,938.78,18775.51,362.64,False
2026-12-18,South,Home & Kitchen,7,1566.52,10965.67,233.33,False
2026-12-18,South,Beauty,15,640.87,9613.12,227.29,False
2026-12-18,South,Sports,12,1051.78,12621.35,252.07,False
2026-12-18,East,Electronics,14,3353.25,46945.5,397.74,False
2026-12-18,East,Apparel,22,910.78,20037.05,232.25,False
2026-12-18,East,Home & Kitchen,18,1347.21,24249.74,310.58,False
2026-12-18,East,Beauty,15,649.37,9740.6,279.1,False
2026-12-18,East,Sports,11,1069.61,11765.71,351.56,False
2026-12-18,West,Electronics,12,3066.91,36802.92,477.57,False
2026-12-18,West,Apparel,26,882.82,22953.34,143.32,False
2026-12-18,West,Home & Kitchen,12,1445.57,17346.88,275.21,False
2026-12-18,West,Beauty,26,675.73,17569.03,209.5,False
2026-12-18,West,Sports,13,1081.23,14056.0,237.26,False
2026-12-19,North,Electronics,16,3329.9,53278.37,474.24,False
2026-12-19,North,Apparel,24,909.56,21829.34,408.61,False
2026-12-19,North,Home & Kitchen,10,1488.67,14886.74,298.12,False
2026-12-19,North,Beauty,18,656.76,11821.66,306.58,False
2026-12-19,North,Sports,8,1081.82,8654.55,249.36,False
2026-12-19,South,Electronics,19,3266.64,62066.14,521.51,False
2026-12-19,South,Apparel,22,860.74,18936.29,283.13,False
2026-12-19,South,Home & Kitchen,14,1411.88,19766.37,216.67,False
2026-12-19,South,Beauty,27,631.99,17063.82,230.47,False
2026-12-19,South,Sports,11,1063.22,11695.46,260.24,False
2026-12-19,East,Electronics,16,3152.97,50447.54,520.28,False
2026-12-19,East,Apparel,27,925.06,24976.72,265.34,False
2026-12-19,East,Home & Kitchen,16,1520.75,24332.04,391.52,False
2026-12-19,East,Beauty,26,654.28,17011.25,358.96,False
2026-12-19,East,Sports,11,1063.91,11702.98,380.74,False
2026-12-19,West,Electronics,23,3140.07,72221.53,521.85,False
2026-12-19,West,Apparel,26,913.52,23751.64,339.15,False
2026-12-19,West,Home & Kitchen,12,1541.68,18500.12,334.85,False
2026-12-19,West,Beauty,21,622.96,13082.21,192.02,False
2026-12-19,West,Sports,12,1151.41,13816.96,256.49,False
2026-12-20,North,Electronics,16,3088.7,49419.28,507.56,False
2026-12-20,North,Apparel,32,921.53,29488.88,285.6,False
2026-12-20,North,Home & Kitchen,13,1458.73,18963.48,433.26,False
2026-12-20,North,Beauty,20,643.79,12875.73,299.9,False
2026-12-20,North,Sports,14,1080.31,15124.34,302.94,False
2026-12-20,South,Electronics,16,3236.43,51782.82,489.25,False
2026-12-20,South,Apparel,24,881.82,21163.76,302.8,False
2026-12-20,South,Home & Kitchen,13,1524.71,19821.23,254.83,False
2026-12-20,South,Beauty,23,639.75,14714.32,265.47,False
2026-12-20,South,Sports,12,1107.6,13291.24,297.61,False
2026-12-20,East,Electronics,10,3141.01,31410.08,527.62,False
2026-12-20,East,Apparel,24,899.95,21598.73,323.01,False
2026-12-20,East,Home & Kitchen,13,1487.04,19331.58,277.48,False
2026-12-20,East,Beauty,25,631.52,15787.99,392.87,False
2026-12-20,East,Sports,11,1048.68,11535.51,254.9,False
2026-12-20,West,Electronics,20,3307.73,66154.7,561.48,False
2026-12-20,West,Apparel,15,916.83,13752.41,352.27,False
2026-12-20,West,Home & Kitchen,16,1553.79,24860.63,458.02,False
2026-12-20,West,Beauty,17,654.61,11128.39,245.1,False
2026-12-20,West,Sports,18,1076.7,19380.62,293.08,False
2026-12-21,North,Electronics,13,3076.66,39996.54,624.56,False
2026-12-21,North,Apparel,20,903.88,18077.63,313.63,False
2026-12-21,North,Home & Kitchen,17,1584.5,26936.5,365.2,False
2026-12-21,North,Beauty,23,617.26,14197.06,241.7,False
2026-12-21,North,Sports,9,1087.29,9785.6,296.68,False
2026-12-21,South,Electronics,12,3225.27,38703.19,501.19,False
2026-12-21,South,Apparel,13,880.94,11452.19,240.84,False
2026-12-21,South,Home & Kitchen,14,1616.56,22631.8,339.01,False
2026-12-21,South,Beauty,12,660.55,7926.55,274.79,False
2026-12-21,South,Sports,11,1035.48,11390.27,241.64,False
2026-12-21,East,Electronics,13,3281.09,42654.21,612.55,False
2026-12-21,East,Apparel,25,914.4,22860.11,323.43,False
2026-12-21,East,Home & Kitchen,12,1532.47,18389.6,274.71,False
2026-12-21,East,Beauty,18,652.83,11751.01,473.0,False
2026-12-21,East,Sports,12,1111.95,13343.42,286.31,False
2026-12-21,West,Electronics,16,3167.74,50683.9,513.32,False
2026-12-21,West,Apparel,16,875.91,14014.64,355.99,False
2026-12-21,West,Home & Kitchen,10,1438.36,14383.6,254.86,False
2026-12-21,West,Beauty,17,666.66,11333.28,243.32,False
2026-12-21,West,Sports,13,1057.62,13749.06,257.26,False
2026-12-22,North,Electronics,17,3208.88,54550.98,434.29,False
2026-12-22,North,Apparel,25,923.17,23079.2,349.61,False
2026-12-22,North,Home & Kitchen,8,1605.13,12841.02,290.54,False
2026-12-22,North,Beauty,13,620.55,8067.16,287.37,False
2026-12-22,North,Sports,8,1089.0,8711.97,353.99,False
2026-12-22,South,Electronics,13,2908.25,37807.19,384.6,False
2026-12-22,South,Apparel,7,883.76,6186.33,392.13,False
2026-12-22,South,Home & Kitchen,17,1583.18,26914.04,393.91,False
2026-12-22,South,Beauty,18,629.84,11337.18,266.98,False
2026-12-22,South,Sports,9,1088.1,9792.87,257.63,False
2026-12-22,East,Electronics,13,3214.31,41786.03,525.13,False
2026-12-22,East,Apparel,23,843.27,19395.24,376.3,False
2026-12-22,East,Home & Kitchen,11,1603.75,17641.26,315.04,False
2026-12-22,East,Beauty,20,649.07,12981.33,279.9,False
2026-12-22,East,Sports,8,1111.0,8887.96,243.74,False
2026-12-22,West,Electronics,14,3073.67,43031.37,523.23,False
2026-12-22,West,Apparel,27,876.86,23675.11,104.56,False
2026-12-22,West,Home & Kitchen,12,1487.38,17848.52,300.1,False
2026-12-22,West,Beauty,17,658.69,11197.68,329.74,False
2026-12-22,West,Sports,13,993.23,12911.97,425.34,False
2026-12-23,North,Electronics,12,3019.14,36229.62,572.62,False
2026-12-23,North,Apparel,18,853.82,15368.68,433.58,False
2026-12-23,North,Home & Kitchen,6,1372.67,8236.01,297.53,False
2026-12-23,North,Beauty,16,638.94,10223.04,368.32,False
2026-12-23,North,Sports,8,1116.21,8929.67,343.33,False
2026-12-23,South,Electronics,12,3405.85,40870.2,399.2,False
2026-12-23,South,Apparel,17,903.61,15361.39,325.8,False
2026-12-23,South,Home & Kitchen,18,1419.86,25557.44,389.22,False
2026-12-23,South,Beauty,17,675.81,11488.81,244.34,False
2026-12-23,South,Sports,8,1176.98,9415.84,382.74,False
2026-12-23,East,Electronics,8,3034.97,24279.73,648.94,False
2026-12-23,East,Apparel,20,880.19,17603.8,357.84,False
2026-12-23,East,Home & Kitchen,13,1494.1,19423.24,327.76,False
2026-12-23,East,Beauty,8,667.16,5337.27,373.6,False
2026-12-23,East,Sports,7,1079.78,7558.47,223.69,False
2026-12-23,West,Electronics,18,3197.19,57549.37,402.81,False
2026-12-23,West,Apparel,20,912.74,18254.76,183.22,False
2026-12-23,West,Home & Kitchen,11,1581.24,17393.65,312.51,False
2026-12-23,West,Beauty,18,659.19,11865.44,379.5,False
2026-12-23,West,Sports,7,1087.45,7612.14,315.78,False
2026-12-24,North,Electronics,12,3282.94,39395.26,447.17,False
2026-12-24,North,Apparel,17,913.33,15526.69,293.4,False
2026-12-24,North,Home & Kitchen,6,1515.98,9095.87,246.67,False
2026-12-24,North,Beauty,21,673.07,14134.37,229.64,False
2026-12-24,North,Sports,10,1043.9,10439.03,369.33,False
2026-12-24,South,Electronics,12,3156.09,37873.14,561.99,False
2026-12-24,South,Apparel,16,896.44,14343.09,328.22,False
2026-12-24,South,Home & Kitchen,15,1496.4,22446.0,208.28,False
2026-12-24,South,Beauty,18,678.37,12210.69,216.27,False
2026-12-24,South,Sports,5,1110.91,5554.57,370.01,False
2026-12-24,East,Electronics,12,3158.87,37906.43,529.39,False
2026-12-24,East,Apparel,25,968.46,24211.53,210.03,False
2026-12-24,East,Home & Kitchen,9,1450.88,13057.88,422.6,False
2026-12-24,East,Beauty,14,673.0,9421.93,244.7,False
2026-12-24,East,Sports,8,1034.02,8272.15,395.09,False
2026-12-24,West,Electronics,16,3256.58,52105.31,527.92,False
2026-12-24,West,Apparel,26,951.32,24734.44,383.48,False
2026-12-24,West,Home & Kitchen,15,1455.68,21835.2,264.0,False
2026-12-24,West,Beauty,16,661.54,10584.66,344.37,False
2026-12-24,West,Sports,7,1138.24,7967.71,181.06,False
2026-12-25,North,Electronics,15,3130.92,46963.78,523.38,False
2026-12-25,North,Apparel,20,910.51,18210.14,271.67,False
2026-12-25,North,Home & Kitchen,10,1489.6,14895.98,366.69,False
2026-12-25,North,Beauty,19,675.4,12832.69,327.27,False
2026-12-25,North,Sports,10,1134.28,11342.81,367.95,False
2026-12-25,South,Electronics,27,3147.03,84969.87,486.08,False
2026-12-25,South,Apparel,24,930.36,22328.67,302.69,False
2026-12-25,South,Home & Kitchen,10,1585.36,15853.55,208.11,False
2026-12-25,South,Beauty,22,650.22,14304.94,284.0,False
2026-12-25,South,Sports,4,1093.61,4374.42,333.85,False
2026-12-25,East,Electronics,13,3201.04,41613.54,519.51,False
2026-12-25,East,Apparel,21,903.42,18971.75,394.14,False
2026-12-25,East,Home & Kitchen,12,1502.99,18035.89,357.53,False
2026-12-25,East,Beauty,6,631.69,3790.13,327.35,False
2026-12-25,East,Sports,8,1120.56,8964.48,222.67,False
2026-12-25,West,Electronics,15,3295.15,49427.25,533.19,False
2026-12-25,West,Apparel,26,870.17,22624.39,336.65,False
2026-12-25,West,Home & Kitchen,17,1519.48,25831.23,215.37,False
2026-12-25,West,Beauty,20,683.63,13672.53,330.83,False
2026-12-25,West,Sports,9,1086.59,9779.31,252.08,False
2026-12-26,North,Electronics,23,3351.83,77091.99,444.28,False
2026-12-26,North,Apparel,17,892.67,15175.44,407.87,False
2026-12-26,North,Home & Kitchen,11,1423.41,15657.53,410.79,False
2026-12-26,North,Beauty,17,633.5,10769.46,379.34,False
2026-12-26,North,Sports,20,1144.83,22896.66,293.08,False
2026-12-26,South,Electronics,14,3168.43,44358.06,454.02,False
2026-12-26,South,Apparel,22,903.98,19887.47,360.2,False
2026-12-26,South,Home & Kitchen,20,1482.7,29653.93,396.8,False
2026-12-26,South,Beauty,15,663.73,9955.91,360.53,False
2026-12-26,South,Sports,9,1034.09,9306.77,150.45,False
2026-12-26,East,Electronics,15,3197.24,47958.57,541.66,False
2026-12-26,East,Apparel,19,934.64,17758.16,246.8,False
2026-12-26,East,Home & Kitchen,13,1538.01,19994.14,366.52,False
2026-12-26,East,Beauty,16,645.99,10335.91,266.14,False
2026-12-26,East,Sports,5,1056.98,5284.88,405.36,False
2026-12-26,West,Electronics,19,2952.16,56091.12,517.79,False
2026-12-26,West,Apparel,21,880.4,18488.39,291.79,False
2026-12-26,West,Home & Kitchen,13,1531.97,19915.64,272.13,False
2026-12-26,West,Beauty,17,715.1,12156.74,282.75,False
2026-12-26,West,Sports,14,978.77,13702.75,252.61,False
2026-12-27,North,Electronics,18,3410.04,61380.69,479.14,False
2026-12-27,North,Apparel,20,933.83,18676.6,269.92,False
2026-12-27,North,Home & Kitchen,8,1477.89,11823.12,247.12,False
2026-12-27,North,Beauty,23,678.92,15615.24,361.22,False
2026-12-27,North,Sports,21,1148.25,24113.16,354.29,False
2026-12-27,South,Electronics,17,3012.62,51214.46,552.04,False
2026-12-27,South,Apparel,17,876.89,14907.18,406.74,False
2026-12-27,South,Home & Kitchen,10,1502.71,15027.06,276.8,False
2026-12-27,South,Beauty,17,673.03,11441.53,365.29,False
2026-12-27,South,Sports,10,1099.6,10996.01,274.46,False
2026-12-27,East,Electronics,14,3188.29,44635.99,444.41,False
2026-12-27,East,Apparel,19,895.31,17010.97,392.98,False
2026-12-27,East,Home & Kitchen,10,1486.15,14861.54,221.01,False
2026-12-27,East,Beauty,14,635.16,8892.26,257.73,False
2026-12-27,East,Sports,15,1110.88,16663.16,290.66,False
2026-12-27,West,Electronics,12,3180.09,38161.06,536.3,False
2026-12-27,West,Apparel,32,907.29,29033.35,264.81,False
2026-12-27,West,Home & Kitchen,16,1629.65,26074.42,310.22,False
2026-12-27,West,Beauty,23,615.56,14157.85,355.7,False
2026-12-27,West,Sports,16,1091.72,17467.47,354.49,False
2026-12-28,North,Electronics,14,3280.21,45923.01,524.26,False
2026-12-28,North,Apparel,19,806.9,15331.14,364.46,False
2026-12-28,North,Home & Kitchen,6,1521.1,9126.61,372.02,False
2026-12-28,North,Beauty,17,665.99,11321.78,279.38,False
2026-12-28,North,Sports,9,1126.53,10138.78,283.67,False
2026-12-28,South,Electronics,13,2969.61,38604.98,464.58,False
2026-12-28,South,Apparel,13,904.19,11754.51,332.04,False
2026-12-28,South,Home & Kitchen,7,1443.16,10102.09,280.97,False
2026-12-28,South,Beauty,16,610.44,9767.04,342.08,False
2026-12-28,South,Sports,11,1088.91,11978.04,242.49,False
2026-12-28,East,Electronics,18,3124.06,56233.15,444.9,False
2026-12-28,East,Apparel,22,888.39,19544.64,360.84,False
2026-12-28,East,Home & Kitchen,19,1493.81,28382.44,288.0,False
2026-12-28,East,Beauty,12,631.06,7572.73,253.39,False
2026-12-28,East,Sports,13,1086.22,14120.89,232.08,False
2026-12-28,West,Electronics,20,2945.62,58912.32,580.37,False
2026-12-28,West,Apparel,20,940.98,18819.52,399.15,False
2026-12-28,West,Home & Kitchen,10,1417.46,14174.62,178.43,False
2026-12-28,West,Beauty,14,628.82,8803.47,283.81,False
2026-12-28,West,Sports,13,1147.3,14914.88,313.1,False
2026-12-29,North,Electronics,12,3016.39,36196.73,532.87,False
2026-12-29,North,Apparel,22,905.35,19917.72,350.68,False
2026-12-29,North,Home & Kitchen,12,1483.25,17799.06,235.2,False
2026-12-29,North,Beauty,16,661.31,10581.03,295.83,False
2026-12-29,North,Sports,11,1128.22,12410.46,384.89,False
2026-12-29,South,Electronics,13,3352.97,43588.65,550.61,False
2026-12-29,South,Apparel,18,962.08,17317.48,345.6,False
2026-12-29,South,Home & Kitchen,11,1442.01,15862.1,437.37,False
2026-12-29,South,Beauty,16,693.9,11102.33,379.28,False
2026-12-29,South,Sports,9,1057.85,9520.65,316.69,False
2026-12-29,East,Electronics,16,3174.67,50794.78,456.89,False
2026-12-29,East,Apparel,23,903.32,20776.3,327.5,False
2026-12-29,East,Home & Kitchen,15,1517.46,22761.83,383.57,False
2026-12-29,East,Beauty,13,639.7,8316.14,377.26,False
2026-12-29,East,Sports,14,1081.37,15139.22,303.49,False
2026-12-29,West,Electronics,15,3260.72,48910.83,491.67,False
2026-12-29,West,Apparel,19,877.58,16674.02,282.89,False
2026-12-29,West,Home & Kitchen,12,1590.5,19086.02,340.37,False
2026-12-29,West,Beauty,14,632.43,8854.02,173.47,False
2026-12-29,West,Sports,9,1103.53,9931.77,291.79,False
2026-12-30,North,Electronics,11,3145.02,34595.21,459.7,False
2026-12-30,North,Apparel,15,865.18,12977.69,369.87,False
2026-12-30,North,Home & Kitchen,8,1482.38,11859.07,253.0,False
2026-12-30,North,Beauty,15,644.26,9663.93,337.03,False
2026-12-30,North,Sports,14,1009.98,14139.67,247.99,False
2026-12-30,South,Electronics,17,3247.75,55211.79,416.56,False
2026-12-30,South,Apparel,25,927.89,23197.14,188.96,False
2026-12-30,South,Home & Kitchen,12,1667.82,20013.85,328.5,False
2026-12-30,South,Beauty,14,691.5,9680.96,288.77,False
2026-12-30,South,Sports,10,1102.68,11026.81,343.92,False
2026-12-30,East,Electronics,14,3342.47,46794.57,478.64,False
2026-12-30,East,Apparel,24,921.55,22117.25,365.67,False
2026-12-30,East,Home & Kitchen,6,1373.01,8238.05,289.36,False
2026-12-30,East,Beauty,12,608.42,7301.04,313.25,False
2026-12-30,East,Sports,12,1016.2,12194.36,199.01,False
2026-12-30,West,Electronics,22,3275.58,72062.76,572.7,False
2026-12-30,West,Apparel,25,893.0,22325.0,282.14,False
2026-12-30,West,Home & Kitchen,11,1603.5,17638.52,255.25,False
2026-12-30,West,Beauty,12,638.58,7663.02,281.72,False
2026-12-30,West,Sports,11,1095.54,12050.97,232.84,False
2026-12-31,North,Electronics,18,3331.45,59966.18,501.44,False
2026-12-31,North,Apparel,15,881.91,13228.68,244.83,False
2026-12-31,North,Home & Kitchen,20,1479.24,29584.78,278.07,False
2026-12-31,North,Beauty,17,660.67,11231.31,244.3,False
2026-12-31,North,Sports,13,1102.99,14338.85,314.66,False
2026-12-31,South,Electronics,16,3205.69,51291.09,397.79,False
2026-12-31,South,Apparel,19,901.17,17122.26,284.43,False
2026-12-31,South,Home & Kitchen,12,1598.85,19186.21,264.87,False
2026-12-31,South,Beauty,22,622.78,13701.2,340.72,False
2026-12-31,South,Sports,10,1084.7,10846.98,320.43,False
2026-12-31,East,Electronics,17,3193.7,54292.83,493.12,False
2026-12-31,East,Apparel,16,959.04,15344.61,386.81,False
2026-12-31,East,Home & Kitchen,12,1501.86,18022.36,269.12,False
2026-12-31,East,Beauty,19,669.66,12723.59,359.1,False
2026-12-31,East,Sports,7,1053.39,7373.7,321.1,False
2026-12-31,West,Electronics,17,3257.89,55384.2,485.9,False
2026-12-31,West,Apparel,29,896.18,25989.27,324.21,False
2026-12-31,West,Home & Kitchen,14,1533.47,21468.6,248.82,False
2026-12-31,West,Beauty,19,649.52,12340.83,268.66,False
2026-12-31,West,Sports,16,1152.25,18436.01,384.74,False
